ID_Pergunta,Modelo,Nota,Gabarito,Resposta_IA,Justificativa_Juiz,Classificacao_Erro,Insight_Clinico
18,Llama-3,3,"Chlorhexidine is an antiseptic and disinfectant substance that is used to prevent infection. It is effective against bacteria and fungi. It is available in various formulations, such as mouthwashes, solutions, creams, swabs, lozenges, throat sprays and soaps. Over-the-counter chlorhexidine topical antiseptics are used for the sterilization of skin before surgery, oral care, wound cleaning, and as an antiseptic hand rinse. Chlorhexidine can also be prescribed as an oral rinse for the treatment of gingivitis (gum inflammation). ","Chlorhexidine is a widely used antiseptic and disinfectant agent that has been extensively studied and proven to be effective in reducing the risk of infection and promoting wound healing. It is a topical agent that is commonly used in various medical settings, including hospitals, clinics, and homes.

Chemical Structure:
Chlorhexidine is a bisbiguanide compound, specifically a 1,3-di-2-chlorophenylbiguanide. Its chemical structure is C12H12Cl2N4, with a molecular weight of 322.14 g/mol.

Mechanism of Action:
Chlorhexidine works by disrupting the cell membrane of microorganisms, ultimately leading to their death. It has a broad-spectrum antimicrobial activity, effective against a wide range of bacteria, viruses, fungi, and protozoa. The exact mechanism of action involves:

1. Disruption of the cell membrane: Chlorhexidine binds to the phospholipid bilayer of the cell membrane, causing it to become permeable and leading to the loss of essential ions and nutrients.
2. Inhibition of protein synthesis: Chlorhexidine has been shown to inhibit protein synthesis in microorganisms, which is essential for their survival and growth.
3. Denaturation of proteins: Chlorhexidine can denature proteins, making them unable to perform their normal functions.

Uses:
Chlorhexidine is commonly used in various medical settings, including:

1. Skin antisepsis: Chlorhexidine is used to clean and disinfect the skin before surgical procedures, injections, and other invasive medical procedures.
2. Wound care: Chlorhexidine is used to treat and prevent wound infections, including burns, ulcers, and surgical wounds.
3. Oral care: Chlorhexidine is used as a mouthwash to reduce plaque, gingivitis, and bad breath.
4. Disinfection of surfaces: Chlorhexidine is used to disinfect surfaces, equipment, and medical devices","A resposta do sistema de IA é tecnicamente correta e fornece uma visão geral abrangente sobre a clorhexidina, incluindo sua estrutura química, mecanismo de ação e usos. No entanto, falta uma menção explícita sobre a disponibilidade de formulações específicas, como enxaguantes bucais, soluções, cremes, swabs, pastilhas, sprays de garganta e sabonetes, que são mencionadas no padrão ouro. Além disso, a resposta não aborda detalhadamente o manejo a longo prazo ou as considerações específicas para o uso de clorhexidina em diferentes contextos clínicos. Portanto, a resposta é correta, mas carece de alguns detalhes importantes para uma avaliação completa.",Omissão de Detalhes de Formulação,"O modelo acertou ao descrever a clorhexidina como um agente antisséptico e desinfetante, mas falhou ao não especificar explicitamente as diversas formulações disponíveis, como enxaguantes bucais, soluções, cremes, swabs, pastilhas, sprays de garganta e sabonetes."
18,Mistral,3,"Chlorhexidine is an antiseptic and disinfectant substance that is used to prevent infection. It is effective against bacteria and fungi. It is available in various formulations, such as mouthwashes, solutions, creams, swabs, lozenges, throat sprays and soaps. Over-the-counter chlorhexidine topical antiseptics are used for the sterilization of skin before surgery, oral care, wound cleaning, and as an antiseptic hand rinse. Chlorhexidine can also be prescribed as an oral rinse for the treatment of gingivitis (gum inflammation). "," Chlorhexidine is a broad-spectrum antimicrobial agent used for disinfection, antisepsis, and topical antimicrobial therapy. It is commonly used in medical settings to prevent and control infections. Chlorhexidine works by disrupting the bacterial cell membrane and denying microorganisms the ability to grow and multiply. It is effective against a wide range of bacteria, viruses, and fungi, including both gram-positive and gram-negative organisms. Chlorhexidine is available in various forms, such as solutions, wipes, and impregnated devices, for use in different applications, including skin preparation before surgery, wound care, and environmental disinfection.","A resposta do sistema de IA está tecnicamente correta, descrevendo chlorhexidine como um agente antimicrobiano de amplo espectro utilizado para desinfecção, antisepsia e terapia antimicrobiana tópica. Ela também destaca a eficácia do chlorhexidine contra uma ampla gama de bactérias, vírus e fungos, incluindo organismos gram-positivos e gram-negativos. No entanto, a resposta omite detalhes sobre a disponibilidade de chlorhexidine em formulações específicas para cuidados bucais, como enxaguantes bucais, e sua utilização no tratamento de gengivite, o que é um aspecto importante do uso clínico de chlorhexidine. Além disso, a resposta não aborda explicitamente a utilização de chlorhexidine como um enxaguante antisséptico para as mãos ou em sabões, que são usos relevantes mencionados no padrão-ouro.",Omissão de Formulções,"O modelo acertou ao descrever chlorhexidine como um agente antimicrobiano de amplo espectro, mas falhou ao não especificar as diversas formulções disponíveis, como mouthwashes, soluções, cremes, swabs, lozenges, sprays de garganta e sabonetes."
18,Phi-3,4,"Chlorhexidine is an antiseptic and disinfectant substance that is used to prevent infection. It is effective against bacteria and fungi. It is available in various formulations, such as mouthwashes, solutions, creams, swabs, lozenges, throat sprays and soaps. Over-the-counter chlorhexidine topical antiseptics are used for the sterilization of skin before surgery, oral care, wound cleaning, and as an antiseptic hand rinse. Chlorhexidine can also be prescribed as an oral rinse for the treatment of gingivitis (gum inflammation). "," Chlorhexidine is a chemical compound and antiseptic agent that is widely used in healthcare settings for its effective antimicrobial properties. It is particularly known for its ability to kill bacteria, fungi, and some viruses. Chlorhexidine works by disrupting the cell membranes of microorganisms, leading to cell death.


Chlorhexidine is available in various forms, including solutions, gels, and mouthwashes. It is commonly used for skin disinfection before surgery, for handwashing in healthcare settings, and as a mouthwash to prevent dental plaque and gingivitis. Chlorhexidine is also used in some wound care products and as a preservative in certain pharmaceuticals.


Its effectiveness, broad-spectrum activity, and low toxicity make chlorhexidine a valuable tool in infection control and prevention. However, it is essential to use chlorhexidine as directed, as overuse or misuse can lead to side effects such as skin irritation or allergic reactions.","A resposta do sistema de IA é tecnicamente correta e fornece uma visão geral abrangente das propriedades e usos da clorexidina. Ela destaca a capacidade antimicrobiana da clorexidina, sua eficácia contra bactérias, fungos e alguns vírus, e descreve seus mecanismos de ação. Além disso, a resposta menciona as diversas formas pelas quais a clorexidina está disponível e seus usos comuns, incluindo desinfecção da pele antes da cirurgia, higienização das mãos em ambientes de saúde e prevenção de placa dentária e gengivite. A resposta também aborda a importância do uso adequado da clorexidina para evitar efeitos colaterais, como irritação da pele ou reações alérgicas. No entanto, a resposta não fornece detalhes específicos sobre o manejo a longo prazo ou considerações especiais para populações vulneráveis, como pacientes com certas condições médicas ou mulheres grávidas. Portanto, a resposta está alinhada com as diretrizes clínicas padrão, mas carece de alguns detalhes importantes para um manejo completo.",Acerto de Conceito,"O modelo forneceu uma resposta tecnicamente correta e abrangente sobre a clorexidina, destacando suas propriedades antimicrobianas, eficácia contra microorganismos e mecanismos de ação, além de mencionar suas diversas formas de apresentação e usos comuns."
19,Llama-3,3,"Sciatica refers to pain that travels along the sciatic nerve path due to sciatic nerve injury or irritation. The most common cause of sciatica is compression of the sciatic nerve root by a herniated disc in the spine. Classically, the pain affects one side of the body and radiates from the buttock down the back of the leg to below the knee. The pain can be described as burning or stabbing and may be accompanied by paresthesia (tingling), numbness, or weakness. Symptoms may worsen with twisting, bending, sneezing, or coughing. It is typically diagnosed based on the characteristic pain and a physical examination. Diagnostic imaging studies may be recommended if symptoms persist for >6 weeks or weakness or numbness is experienced. The risk of developing sciatica can be reduced by maintaining good posture and healthy weight, regular exercise, muscle strengthening exercises, and proper lifting techniques. Mild sciatica usually resolves in a few weeks. The following conservative approaches may help relieve pain and speed up recovery: cold or heat packs, over-the-counter analgesics, physiotherapy, and starting gentle exercise as soon as tolerated. Contact your healthcare advisor if symptoms do not improve after a few weeks, worsen, or stop you from doing your normal activities. Seek immediate medical attention for severe pain, numbness, or weakness in both legs or problems controlling bowel or bladder function.","Sciatica is a common and often misunderstood term that refers to a set of symptoms, rather than a specific diagnosis. It is characterized by pain, numbness, tingling, or weakness in the lower back, hips, and legs, typically affecting one side of the body.

The sciatic nerve is the longest nerve in the body, extending from the lower back down to the legs. It is formed by the combination of the L4, L5, and S1 spinal nerve roots, which exit the spinal canal and merge to form the sciatic nerve. The sciatic nerve is responsible for controlling the muscles of the lower leg, as well as providing sensation to the skin of the lower back, hips, and legs.

Sciatica can occur when there is compression, irritation, or inflammation of the sciatic nerve, which can be caused by a variety of factors, including:

1. Herniated discs: When a disc in the lower back bulges or herniates, it can put pressure on the sciatic nerve, causing pain and discomfort.
2. Degenerative disc disease: As we age, the discs in our spine can degenerate, leading to compression of the sciatic nerve.
3. Spinal stenosis: Narrowing of the spinal canal can put pressure on the sciatic nerve, causing symptoms.
4. Piriformis syndrome: Compression of the sciatic nerve by the piriformis muscle can cause sciatica-like symptoms.
5. Spondylolisthesis: A condition in which a vertebra slips out of place, putting pressure on the sciatic nerve.
6. Muscle strain: Tight or strained muscles in the lower back can irritate the sciatic nerve, causing pain and discomfort.
7. Obesity: Excess weight can put additional pressure on the sciatic nerve, contributing to sciatica symptoms.

Common symptoms of sciatica include:

* Pain in the lower back, hips, or legs
* Numbness, tingling, or weakness in the","A resposta do sistema de IA é tecnicamente correta e fornece uma visão geral abrangente sobre a ciática, incluindo sua definição, causas, sintomas e fatores de risco. No entanto, omite detalhes importantes sobre o manejo e tratamento da condição, como a importância da manutenção de uma boa postura, exercícios regulares e técnicas de levantamento adequadas para prevenir a ciática. Além disso, não há menção clara sobre quando buscar atenção médica imediata, como em casos de dor severa, fraqueza ou perda de controle de função intestinal ou vesical. A resposta também não aborda a importância da avaliação física e dos exames de imagem para diagnosticar a ciática. Portanto, a resposta está alinhada com a conduta padrão, mas carece de detalhes importantes sobre o manejo e tratamento da condição.",Omissão de Informações Terapêuticas,"A resposta do modelo forneceu uma visão geral correta sobre a ciática, incluindo definição e sintomas, mas falhou ao não fornecer detalhes importantes sobre o manejo e tratamento da condição, como exercícios e técnicas de prevenção."
19,Mistral,3,"Sciatica refers to pain that travels along the sciatic nerve path due to sciatic nerve injury or irritation. The most common cause of sciatica is compression of the sciatic nerve root by a herniated disc in the spine. Classically, the pain affects one side of the body and radiates from the buttock down the back of the leg to below the knee. The pain can be described as burning or stabbing and may be accompanied by paresthesia (tingling), numbness, or weakness. Symptoms may worsen with twisting, bending, sneezing, or coughing. It is typically diagnosed based on the characteristic pain and a physical examination. Diagnostic imaging studies may be recommended if symptoms persist for >6 weeks or weakness or numbness is experienced. The risk of developing sciatica can be reduced by maintaining good posture and healthy weight, regular exercise, muscle strengthening exercises, and proper lifting techniques. Mild sciatica usually resolves in a few weeks. The following conservative approaches may help relieve pain and speed up recovery: cold or heat packs, over-the-counter analgesics, physiotherapy, and starting gentle exercise as soon as tolerated. Contact your healthcare advisor if symptoms do not improve after a few weeks, worsen, or stop you from doing your normal activities. Seek immediate medical attention for severe pain, numbness, or weakness in both legs or problems controlling bowel or bladder function."," Sciatica is a common condition characterized by pain, weakness, numbness, or tingling in the leg, often caused by compression or irritation of the sciatic nerve. The sciatic nerve is the largest and longest nerve in the body, starting from the lower back and running down each leg. When this nerve is affected, it can cause symptoms in the entire lower body, including the thigh, calf, and foot on one or both sides. Sciatica is usually a result of a herniated disc in the spine, bone spurs, or other conditions that put pressure on the nerve. It's important to note that sciatica itself is not a diagnosis, but rather a symptom of an underlying condition.","A resposta do sistema de IA é tecnicamente correta, pois descreve a ciática como uma condição caracterizada por dor, fraqueza, formigamento ou dormência na perna, frequentemente causada pela compressão ou irritação do nervo ciático. No entanto, a resposta omite detalhes importantes sobre a apresentação clássica da ciática, como a radiação da dor de um lado do corpo, desde a região glútea até abaixo do joelho, e a descrição da dor como queimante ou perfurante. Além disso, a resposta não fornece informações sobre a importância da manutenção de uma boa postura, peso saudável, exercícios regulares e técnicas de levantamento adequadas para reduzir o risco de desenvolver ciática. Também não aborda a abordagem conservadora para aliviar a dor e acelerar a recuperação, como o uso de compressas frias ou quentes, analgésicos de venda livre, fisioterapia e início de exercícios leves assim que tolerado. Portanto, a resposta está alinhada com a conduta padrão, mas carece de detalhes importantes sobre a apresentação clássica e o manejo da ciática.",Omissão de Detalhes Clínicos,"O modelo acertou ao descrever a ciática como uma condição caracterizada por dor, fraqueza, formigamento ou dormência na perna, mas falhou ao não especificar a apresentação clássica da ciática, como a radiação da dor de um lado do corpo, desde a região glútea até abaixo."
19,Phi-3,3,"Sciatica refers to pain that travels along the sciatic nerve path due to sciatic nerve injury or irritation. The most common cause of sciatica is compression of the sciatic nerve root by a herniated disc in the spine. Classically, the pain affects one side of the body and radiates from the buttock down the back of the leg to below the knee. The pain can be described as burning or stabbing and may be accompanied by paresthesia (tingling), numbness, or weakness. Symptoms may worsen with twisting, bending, sneezing, or coughing. It is typically diagnosed based on the characteristic pain and a physical examination. Diagnostic imaging studies may be recommended if symptoms persist for >6 weeks or weakness or numbness is experienced. The risk of developing sciatica can be reduced by maintaining good posture and healthy weight, regular exercise, muscle strengthening exercises, and proper lifting techniques. Mild sciatica usually resolves in a few weeks. The following conservative approaches may help relieve pain and speed up recovery: cold or heat packs, over-the-counter analgesics, physiotherapy, and starting gentle exercise as soon as tolerated. Contact your healthcare advisor if symptoms do not improve after a few weeks, worsen, or stop you from doing your normal activities. Seek immediate medical attention for severe pain, numbness, or weakness in both legs or problems controlling bowel or bladder function."," Sciatica is a medical condition characterized by pain that radiates along the path of the sciatic nerve, which extends from the lower back through the hips and buttocks and down each leg. Typically, sciatica affects only one side of the body.

Sciatica is commonly caused by the compression or irritation of the sciatic nerve. This compression or irritation can be due to various factors, such as a herniated disc, spinal stenosis, piriformis syndrome, or other spinal abnormalities.

Symptoms of sciatica may include:

1. Lower back pain
2. Pain that radiates down one leg, often reaching the foot
3. Numbness, tingling, or weakness in the affected leg
4. Pain that worsens when sitting, coughing, or sneezing
5. Difficulty moving the affected leg or foot

Treatment for sciatica may involve self-care measures, physical therapy, medications, and in some cases, surgery. The goal of treatment is to reduce pain and inflammation, improve mobility, and restore function. It is essential to consult a healthcare professional for an accurate diagnosis and appropriate treatment plan.","A resposta do sistema de IA é tecnicamente correta e fornece uma visão geral clara da condição de sciática, incluindo suas causas, sintomas e opções de tratamento. No entanto, falta alguns detalhes importantes sobre a abordagem de longo prazo e prevenção, como a importância de manter uma boa postura, peso saudável, exercícios regulares e técnicas de levantamento adequadas para reduzir o risco de desenvolver sciática. Além disso, a resposta não menciona explicitamente a duração típica da sciática leve e quando buscar atenção médica imediata, como em casos de dor severa, formigamento ou fraqueza em ambos os membros inferiores ou problemas de controle de função intestinal ou vesical. Portanto, a resposta está alinhada com a conduta padrão, mas carece de alguns detalhes importantes para uma abordagem completa.",Omissão de Detalhes de Prevenção,"A resposta do modelo é tecnicamente correta, fornecendo uma visão geral clara da condição de sciática, mas falha ao não incluir detalhes importantes sobre a prevenção de longo prazo, como manter uma boa postura, peso saudável, exercícios regulares e técnicas de levantamento adequadas."
20,Llama-3,5,"There are various ways to treat hypertension, and some of them have shown to be beneficial for people with diabetes. These treatments include angiotensin-converting enzyme (ACE) inhibitors and angiotensin receptor blockers (ARBs). It is crucial to know that lifestyle changes, like weight loss, increased physical activity, reduced sodium intake, and limiting alcohol consumption, are often recommended as a first step when diagnosed with hypertension. If these lifestyle changes do not help lower blood pressure, medication may be necessary. Your doctor may recommend treatment with ACE inhibitors or ARBs in combination with other drugs like calcium channel blockers and thiazides.","The best hypertension treatment for patients who are also diabetic is a multifaceted approach that involves a combination of lifestyle modifications, pharmacological interventions, and monitoring. Here are some evidence-based recommendations:

1. Lifestyle modifications:
	* Dietary changes: Encourage a balanced diet that is rich in fruits, vegetables, whole grains, and low-fat dairy products. The American Diabetes Association (ADA) recommends a diet that is low in added sugars, saturated fats, and refined carbohydrates.
	* Physical activity: Encourage patients to engage in regular physical activity, such as brisk walking, for at least 150 minutes per week.
	* Weight loss: If the patient is overweight or obese, encourage weight loss through a combination of diet and exercise.
	* Smoking cessation: Encourage patients to quit smoking, as it can increase blood pressure and worsen insulin resistance.
2. Pharmacological interventions:
	* Angiotensin-converting enzyme (ACE) inhibitors or angiotensin receptor blockers (ARBs): These medications are commonly used to treat hypertension and have been shown to reduce the risk of cardiovascular events in patients with diabetes.
	* Calcium channel blockers: These medications can be used to treat hypertension and may be beneficial in patients with diabetes, particularly those with kidney disease.
	* Thiazide diuretics: These medications can be used to treat hypertension and may be beneficial in patients with diabetes, particularly those with kidney disease.
	* Alpha-blockers: These medications can be used to treat hypertension and may be beneficial in patients with diabetes, particularly those with kidney disease.
3. Monitoring:
	* Blood pressure monitoring: Monitor blood pressure regularly to ensure that it is under control.
	* HbA1c monitoring: Monitor HbA1c levels regularly to ensure that they are under control.
	* Lipid profile monitoring: Monitor lipid profiles regularly to ensure that they are under control.
	* Kidney function monitoring: Monitor kidney function regularly to ensure that it is not being compromised","A resposta do sistema de IA é abrangente e inclui modificações no estilo de vida, intervenções farmacológicas e monitoramento, o que está alinhado com as diretrizes clínicas atuais para o tratamento da hipertensão em pacientes diabéticos. As recomendações de modificações no estilo de vida, como dieta equilibrada, atividade física regular, perda de peso e cessação do tabagismo, são fundamentais e seguem as recomendações da American Diabetes Association (ADA). As intervenções farmacológicas sugeridas, incluindo inibidores da enzima conversora de angiotensina (ACE) ou bloqueadores dos receptores de angiotensina (ARBs), bloqueadores dos canais de cálcio e diuréticos tiazídicos, também estão de acordo com as diretrizes clínicas estabelecidas. Além disso, a ênfase no monitoramento regular da pressão arterial, níveis de HbA1c, perfil lipídico e função renal é crucial para o manejo eficaz da hipertensão e do diabetes. Portanto, a resposta do sistema de IA é muito completa e segue as diretrizes clínicas atuais, demonstrando um excelente conhecimento da fisiopatologia e do manejo clínico da hipertensão em pacientes diabéticos.",Acerto de Abordagem,"O modelo apresentou uma resposta abrangente e alinhada com as diretrizes clínicas atuais para o tratamento da hipertensão em pacientes diabéticos, incluindo modificações no estilo de vida e intervenções farmacológicas, demonstrando uma compreensão aprofundada do tema."
20,Mistral,4,"There are various ways to treat hypertension, and some of them have shown to be beneficial for people with diabetes. These treatments include angiotensin-converting enzyme (ACE) inhibitors and angiotensin receptor blockers (ARBs). It is crucial to know that lifestyle changes, like weight loss, increased physical activity, reduced sodium intake, and limiting alcohol consumption, are often recommended as a first step when diagnosed with hypertension. If these lifestyle changes do not help lower blood pressure, medication may be necessary. Your doctor may recommend treatment with ACE inhibitors or ARBs in combination with other drugs like calcium channel blockers and thiazides."," Treating hypertension in patients with diabetes involves a comprehensive approach that focuses on managing both conditions effectively to prevent complications and improve overall health. The specific treatment for hypertension in diabetic patients may depend on various factors, including the severity of hypertension, the presence of other health conditions, and individual response to medications. Here are some common approaches:

1. Lifestyle modifications: Lifestyle modifications are essential for managing both hypertension and diabetes. These modifications include:
   - A healthy diet: A diet rich in fruits, vegetables, whole grains, lean proteins, and healthy fats can help manage blood sugar levels and reduce the risk of developing cardiovascular diseases.
   - Regular physical activity: Regular physical activity can help manage blood sugar levels, improve insulin sensitivity, and reduce blood pressure.
   - Weight management: Maintaining a healthy weight can help improve blood sugar control and reduce the risk of developing complications.
   - Limiting sodium intake: Reducing sodium intake can help lower blood pressure.
   - Quitting smoking: Smoking can worsen both hypertension and diabetes.

2. Medications: If lifestyle modifications alone are not enough to manage hypertension and diabetes, medications may be necessary. The choice of medications depends on various factors, including the presence of other health conditions, individual response to medications, and potential drug interactions. Some commonly used medications for treating hypertension in diabetic patients include:
   - ACE inhibitors or ARBs: These medications help reduce blood pressure by blocking the production of certain chemicals that narrow blood vessels. They also have additional benefits for patients with diabetes, such as reducing the risk of developing kidney damage and protecting against heart disease.
   - Calcium channel blockers: These medications help relax blood vessels, making it easier for the heart to pump blood and reducing blood pressure.
","A resposta do sistema de IA é tecnicamente correta e aborda a abordagem compreensiva para tratar hipertensão em pacientes com diabetes, incluindo modificações no estilo de vida e medicamentos. A resposta destaca a importância de mudanças no estilo de vida, como dieta saudável, atividade física regular, controle de peso, redução da ingestão de sódio e cessação do tabagismo. Além disso, a resposta menciona os medicamentos comumente usados para tratar hipertensão em pacientes com diabetes, incluindo inibidores da ECA, ARBs, bloqueadores dos canais de cálcio. No entanto, a resposta não fornece detalhes sobre o manejo a longo prazo e não menciona explicitamente a importância da monitorização regular da pressão arterial e da glicemia para ajustar o tratamento de acordo com as necessidades individuais do paciente.",Acerto de Abordagem,"A resposta do modelo é tecnicamente correta e aborda a abordagem compreensiva para tratar hipertensão em pacientes com diabetes, incluindo modificações no estilo de vida e medicamentos, destacando a importância de mudanças no estilo de vida e controle de fatores de risco."
20,Phi-3,4,"There are various ways to treat hypertension, and some of them have shown to be beneficial for people with diabetes. These treatments include angiotensin-converting enzyme (ACE) inhibitors and angiotensin receptor blockers (ARBs). It is crucial to know that lifestyle changes, like weight loss, increased physical activity, reduced sodium intake, and limiting alcohol consumption, are often recommended as a first step when diagnosed with hypertension. If these lifestyle changes do not help lower blood pressure, medication may be necessary. Your doctor may recommend treatment with ACE inhibitors or ARBs in combination with other drugs like calcium channel blockers and thiazides."," The best hypertension treatment for patients who are also diabetic involves a comprehensive approach that addresses both conditions simultaneously. It's essential to note that treatment plans should be individualized based on the patient's specific health status, comorbidities, and preferences. However, some general guidelines and first-line medications recommended by the American Diabetes Association (ADA) and the American Heart Association (AHA) include:

1. Angiotensin-converting enzyme (ACE) inhibitors: ACE inhibitors, such as lisinopril, ramipril, and enalapril, are commonly prescribed for hypertensive patients with diabetes. They help protect kidney function, which is crucial for diabetic patients, and have been shown to reduce the risk of cardiovascular events.

2. Angiotensin II receptor blockers (ARBs): ARBs, such as losartan, valsartan, and irbesartan, are also recommended for patients with diabetes and hypertension. They provide similar benefits to ACE inhibitors and are particularly useful for patients who experience side effects from ACE inhibitors.

3. Calcium channel blockers (CCBs): CCBs, such as amlodipine, diltiazem, and nifedipine, are effective in lowering blood pressure and are often used in combination with ACE inhibitors or ARBs. They are particularly useful for patients with isolated systolic hypertension, which is common in older diabetic patients.

4. Thiazide diuretics: Thiazide diuretics, such as chlorthalidone and hydrochlorothiazide, are recommended as initial ther","A resposta do sistema de IA é tecnicamente correta e está alinhada com as diretrizes clínicas atuais para o tratamento da hipertensão em pacientes diabéticos. Ela destaca a importância de uma abordagem abrangente que considere as necessidades individuais do paciente e inclui medicamentos de primeira linha recomendados pela American Diabetes Association (ADA) e pela American Heart Association (AHA), como inibidores da enzima conversora de angiotensina (ACE), bloqueadores dos receptores de angiotensina II (ARBs), bloqueadores dos canais de cálcio (CCBs) e diuréticos tiazídicos. Além disso, a resposta menciona a proteção da função renal, que é crucial para pacientes diabéticos, e a redução do risco de eventos cardiovasculares. No entanto, para ser considerada perfeita, a resposta poderia incluir mais detalhes sobre a importância das mudanças no estilo de vida, como perda de peso, aumento da atividade física, redução da ingestão de sódio e limitação do consumo de álcool, como medidas iniciais para o controle da hipertensão.",Acerto de Abordagem,"O modelo apresentou uma resposta tecnicamente correta, alinhada com as diretrizes clínicas atuais, destacando a importância de uma abordagem abrangente e individualizada para o tratamento da hipertensão em pacientes diabéticos."
21,Llama-3,4,"Urinalysis and urine culture are different laboratory tests performed on a urine sample. Urinalysis usually involves visual, chemical, and microscopic examinations of the sample to provide information about various characteristics, such as urine color and content. In addition, urinalysis can detect numerous substances within the urine, including glucose, nitrite, red blood cells, white blood cells, and protein. A urine culture is a test to detect and identify bacteria and fungi in the urine. This is done by adding growth-promoting substances to a urine sample and checking for any multiplication, indicating a positive result.","Urinalysis and urine culture are two distinct laboratory tests used to diagnose and manage urinary tract infections (UTIs). While they share some similarities, they serve different purposes and provide distinct information.

Urinalysis:

Urinalysis is a comprehensive test that examines the physical and chemical properties of urine to detect abnormalities. It typically includes the following components:

1. Visual examination: The urine is inspected for color, clarity, and sediment.
2. pH testing: The urine pH is measured to detect any deviations from the normal range (4.5-8.0).
3. Specific gravity testing: The urine specific gravity is measured to assess the concentration of urine.
4. Protein testing: The urine is tested for proteinuria (excess protein in the urine).
5. Glucose testing: The urine is tested for glycosuria (excess glucose in the urine).
6. Ketone testing: The urine is tested for ketonuria (excess ketones in the urine).
7. Nitrite testing: The urine is tested for nitrite-reducing bacteria, which are commonly associated with UTIs.
8. Leukocyte esterase testing: The urine is tested for leukocyte esterase, an enzyme produced by white blood cells.

Urinalysis is used to:

* Detect UTIs
* Monitor the progression of kidney disease
* Identify underlying kidney disorders
* Detect proteinuria, which can be a sign of kidney damage
* Monitor the effectiveness of treatment for UTIs

Urine Culture:

Urine culture is a test that detects the presence of bacteria in the urine. It involves collecting a urine sample and inoculating it onto a culture plate. The plate is then incubated for 24-48 hours, allowing the bacteria to grow. The resulting culture plate is examined for the presence of bacterial colonies.

Urine culture is used to:

* Confirm the presence of a UTI
* Identify the type of bacteria causing the infection
* Determine the antibiotic sensitivity of the","A resposta do sistema de IA é tecnicamente correta e aborda os principais aspectos da urinálise e da cultura de urina. No entanto, falta uma explicação mais detalhada sobre a importância da cultura de urina para identificar a sensibilidade antimicrobiana e guiar a terapêutica antibiótica. Além disso, a resposta não menciona explicitamente a possibilidade de detecção de fungos na cultura de urina, o que é um aspecto importante. A resposta também não fornece informações sobre a interpretação dos resultados e a relação com o quadro clínico do paciente. No entanto, a resposta é bem estruturada e fornece uma visão geral clara das diferenças entre urinálise e cultura de urina.",Omissão de Detalhes,"O modelo acertou ao distinguir entre urinálise e cultura de urina, mas falhou ao não fornecer uma explicação detalhada sobre a importância da cultura de urina para identificar a sensibilidade antimicrobiana e não mencionou a detecção de fungos na cultura de urina."
21,Mistral,4,"Urinalysis and urine culture are different laboratory tests performed on a urine sample. Urinalysis usually involves visual, chemical, and microscopic examinations of the sample to provide information about various characteristics, such as urine color and content. In addition, urinalysis can detect numerous substances within the urine, including glucose, nitrite, red blood cells, white blood cells, and protein. A urine culture is a test to detect and identify bacteria and fungi in the urine. This is done by adding growth-promoting substances to a urine sample and checking for any multiplication, indicating a positive result."," Urinalysis and urine culture are two different diagnostic tests used to evaluate urinary system health.

Urinalysis is a laboratory test used to examine the physical and chemical properties of urine, such as color, odor, specific gravity, pH, and the presence of various substances like glucose, ketones, protein, and bilirubin. It can help identify various conditions such as urinary tract infections, kidney disease, diabetes, and other disorders.

Urine culture, on the other hand, is a laboratory test used to identify and quantify the presence of microorganisms, such as bacteria, in urine. It is typically used when a urinary tract infection is suspected, and the results of the urinalysis suggest bacteriuria (the presence of bacteria in urine). The urine sample is inoculated onto a growth medium, and the bacteria present in the urine grow and multiply, allowing the laboratory to identify the specific type of bacteria and determine its antibiotic sensitivity. This information is essential for prescribing the appropriate antibiotic treatment.

In summary, urinalysis is a test used to evaluate the physical and chemical properties of urine, while urine culture is a test used to identify and quantify the presence and type of microorganisms in urine. Both tests are essential for diagnosing and managing various urinary system disorders.","A resposta do sistema de IA é tecnicamente correta e fornece uma descrição detalhada das diferenças entre a urinalise e a cultura de urina. Ela aborda as propriedades físicas e químicas avaliadas pela urinalise, como cor, odor, gravidade específica, pH e a presença de substâncias como glicose, corpos cetônicos, proteína e bilirrubina. Além disso, destaca a importância da cultura de urina para identificar e quantificar microorganismos, como bactérias, e determinar a sensibilidade a antibióticos. A resposta também enfatiza a utilidade desses exames no diagnóstico e manejo de distúrbios do sistema urinário. No entanto, não apresenta informações adicionais sobre o manejo a longo prazo ou considerações específicas para populações de pacientes vulneráveis, o que poderia enriquecer ainda mais a resposta.",Acerto de Descrição,"O modelo forneceu uma descrição detalhada e tecnicamente correta das diferenças entre urinalise e cultura de urina, abordando as propriedades físicas e químicas avaliadas pela urinalise e a importância da cultura de urina."
21,Phi-3,4,"Urinalysis and urine culture are different laboratory tests performed on a urine sample. Urinalysis usually involves visual, chemical, and microscopic examinations of the sample to provide information about various characteristics, such as urine color and content. In addition, urinalysis can detect numerous substances within the urine, including glucose, nitrite, red blood cells, white blood cells, and protein. A urine culture is a test to detect and identify bacteria and fungi in the urine. This is done by adding growth-promoting substances to a urine sample and checking for any multiplication, indicating a positive result."," Urinalysis and urine culture are two different diagnostic tests used to evaluate the health of the urinary system, but they serve different purposes and provide different types of information.

Urinalysis:
Urinalysis is a diagnostic test that involves the examination of urine to detect and evaluate various abnormalities, such as the presence of blood, protein, glucose, or bacteria. It is a non-invasive test that can provide valuable information about the overall health of an individual. Urinalysis typically includes the following components:

1. Visual examination: The urine sample is visually inspected for color, clarity, and the presence of any abnormal particles (e.g., blood, mucus, or crystals).
2. Chemical examination: A dipstick test is performed to detect the presence of various substances, such as protein, glucose, ketones, bilirubin, blood, and pH.
3. Microscopic examination: A small amount of urine is examined under a microscope to identify the presence of cells, bacteria, crystals, and other substances.

Urine culture:
A urine culture is a microbiological test that is used to identify and quantify the presence of bacteria in the urine. It is primarily used to diagnose urinary tract infections (UTIs) and determine the appropriate antibiotic treatment. A urine culture involves the following steps:

1. Collection: A clean-catch midstream urine sample is collected from the patient to minimize contamination from the external genitalia.
2. Inoculation: The urine sample is inoculated onto a culture medium, which provides a suitable environment for bacterial growth.
3. Incubation:","A resposta do sistema de IA é tecnicamente correta e fornece uma descrição detalhada das diferenças entre urinalise e cultura de urina. No entanto, falta uma menção explícita à detecção de fungos na cultura de urina, o que é um aspecto importante. Além disso, a resposta não aborda a importância da interpretação dos resultados em conjunto com a história clínica e os sintomas do paciente. A descrição das etapas da urinalise e da cultura de urina é clara e concisa, mas poderia ser mais completa se incluísse a importância da padronização dos métodos e a necessidade de seguir os protocolos de biossegurança. Em resumo, a resposta é boa, mas carece de alguns detalhes importantes para ser considerada perfeita.",Omissão de Detalhes Importantes,"O modelo forneceu uma descrição geralmente correta das diferenças entre urinalise e cultura de urina, mas falhou ao não mencionar explicitamente a detecção de fungos na cultura de urina e não abordou a importância da interpretação dos resultados em conjunto com a história clínica e os sintomas do paciente."
22,Llama-3,5,"The most common cause of dysuria in young, sexually active, healthy men is a sexually transmitted infection (STI). STIs can result in inflammation of the urethra (urethritis), epididymis (epididymitis), and prostate (prostatitis). These conditions are associated with dysuria and an urgent, frequent need to urinate. Signs and symptoms of urethritis may also include pain during sexual intercourse and itching at the tip of the penis. Epididymitis usually presents with a swollen, painful scrotum, and prostatitis is associated with pain in the perineum. Discharge from the penis can be a sign of an STI. The most common STIs are gonorrhoea and chlamydia. Diagnostic evaluation typically includes a physical examination, medical and sexual history taking, and urine tests such as urinalysis, urine culture, and urethral swabs. ","Dysuria, or painful urination, is a common symptom in young, sexually active, healthy men. According to various studies and evidence-based guidelines, the most common cause of dysuria in this population is likely to be urethritis, specifically caused by Chlamydia trachomatis (CT) or Neisseria gonorrhoeae (GC) infections.

A 2019 systematic review and meta-analysis published in the Journal of Urology found that among young men with dysuria, the prevalence of CT was 44.1%, while the prevalence of GC was 14.5%. Other common causes of dysuria in this population included Trichomonas vaginalis (TV) and herpes simplex virus (HSV) infections.

A 2020 study published in the Journal of Infectious Diseases found that among young men with dysuria, CT was the most common cause (53.1%), followed by GC (21.4%), and TV (10.5%).

The high prevalence of CT and GC infections in young, sexually active men is likely due to the increased risk of sexual transmission and the lack of symptoms in many cases. CT and GC infections can cause urethritis, which is characterized by dysuria, urethral discharge, and sometimes, hematuria.

It is essential to note that other causes of dysuria, such as urinary tract infections (UTIs), prostatitis, and epididymitis, should also be considered in the differential diagnosis. However, based on the available evidence, CT and GC infections are the most common causes of dysuria in young, sexually active, healthy men.

In conclusion, the most common cause of dysuria in young, sexually active, healthy men is likely to be urethritis caused by Chlamydia trachomatis or Neisseria gonorrhoeae infections.","A resposta do sistema de IA está alinhada com as diretrizes clínicas atuais e apresenta uma fundamentação sólida baseada em evidências científicas. A menção específica às estatísticas de prevalência de Chlamydia trachomatis (CT) e Neisseria gonorrhoeae (GC) em jovens homens com disúria, apoiada por revisões sistemáticas e meta-análises, demonstra um conhecimento aprofundado sobre o tema. Além disso, a resposta aborda a importância de considerar outras causas de disúria, como infecções do trato urinário (UTIs), prostatite e epididimite, no diagnóstico diferencial. A conclusão é clara e bem fundamentada, indicando que a uretrite causada por CT ou GC é a causa mais comum de disúria em jovens homens sexualmente ativos e saudáveis. A resposta também demonstra uma compreensão das implicações clínicas e da necessidade de um diagnóstico preciso para o tratamento adequado.",Acerto de Diretriz,"O modelo apresentou uma resposta precisa e fundamentada, identificando a uretrite causada por Chlamydia trachomatis (CT) ou Neisseria gonorrhea como a causa mais comum de disúria em homens jovens e sexualmente ativos, alinhada com as diretrizes clínicas atuais e baseada em evidências científicas."
22,Mistral,3,"The most common cause of dysuria in young, sexually active, healthy men is a sexually transmitted infection (STI). STIs can result in inflammation of the urethra (urethritis), epididymis (epididymitis), and prostate (prostatitis). These conditions are associated with dysuria and an urgent, frequent need to urinate. Signs and symptoms of urethritis may also include pain during sexual intercourse and itching at the tip of the penis. Epididymitis usually presents with a swollen, painful scrotum, and prostatitis is associated with pain in the perineum. Discharge from the penis can be a sign of an STI. The most common STIs are gonorrhoea and chlamydia. Diagnostic evaluation typically includes a physical examination, medical and sexual history taking, and urine tests such as urinalysis, urine culture, and urethral swabs. "," The most common cause of dysuria (painful urination) in young, sexually active, healthy men is a urinary tract infection (UTI). However, it's important to note that other conditions such as urethritis (inflammation of the urethra), sexually transmitted infections (STIs), or prostatitis (inflammation of the prostate gland) can also cause dysuria in this population. If you are experiencing symptoms of painful urination, it's recommended to consult a healthcare professional for proper diagnosis and treatment.","A resposta do sistema de IA está tecnicamente correta, pois menciona que as infecções urinárias (UTI) podem causar disúria em homens jovens e sexualmente ativos. No entanto, omite a especificação de que as infecções sexualmente transmissíveis (ISTs) são a causa mais comum de disúria nesse grupo populacional. Além disso, a resposta do sistema de IA não fornece detalhes sobre os sinais e sintomas específicos das ISTs, como uretrite, epididimite e prostatite, que são importantes para o diagnóstico e tratamento. Portanto, a resposta está alinhada com a conduta padrão, mas carece de detalhes importantes sobre as ISTs e sua relação com a disúria.",Omissão de Especificação,"O modelo mencionou que as infecções urinárias (UTI) podem causar disúria em homens jovens e sexualmente ativos, mas falhou ao não especificar que as infecções sexualmente transmissíveis (ISTs) são a causa mais comum de disúria nesse grupo populacional, além de não fornecer detalhes sobre os sinais e sintomas."
22,Phi-3,4,"The most common cause of dysuria in young, sexually active, healthy men is a sexually transmitted infection (STI). STIs can result in inflammation of the urethra (urethritis), epididymis (epididymitis), and prostate (prostatitis). These conditions are associated with dysuria and an urgent, frequent need to urinate. Signs and symptoms of urethritis may also include pain during sexual intercourse and itching at the tip of the penis. Epididymitis usually presents with a swollen, painful scrotum, and prostatitis is associated with pain in the perineum. Discharge from the penis can be a sign of an STI. The most common STIs are gonorrhoea and chlamydia. Diagnostic evaluation typically includes a physical examination, medical and sexual history taking, and urine tests such as urinalysis, urine culture, and urethral swabs. "," The most common cause of dysuria (painful urination) in young, sexually active, healthy men is a urinary tract infection (UTI), specifically a urethritis, which is an inflammation of the urethra. This condition is often caused by sexually transmitted infections (STIs), with Chlamydia trachomatis and Neisseria gonorrhoeae being the most common pathogens responsible for urethritis in this demographic. It's important for individuals experiencing symptoms of dysuria to seek medical evaluation and testing for accurate diagnosis and appropriate treatment.","A resposta do sistema de IA está tecnicamente correta, pois identifica a uretrite como a causa mais comum de disúria em homens jovens, sexualmente ativos e saudáveis, e menciona que as infecções sexualmente transmissíveis (ISTs), como Chlamydia trachomatis e Neisseria gonorrhoeae, são os principais patógenos responsáveis. No entanto, a resposta poderia ser mais abrangente, incluindo detalhes sobre a apresentação clínica completa, como dor durante a relação sexual, coceira no pênis, epididimite e prostatite, além de enfatizar a importância da avaliação diagnóstica, incluindo exame físico, história médica e sexual, e exames de urina. Além disso, a resposta do sistema de IA usa o termo ""infecção do trato urinário"" (UTI), que pode ser um pouco amplo, pois a uretrite é uma condição específica dentro do espectro das UTIs.",Acerto de Diagnóstico,"O modelo identificou corretamente a uretrite como a causa mais comum de disúria em homens jovens, sexualmente ativos e saudáveis, e mencionou as infecções sexualmente transmissíveis (ISTs) como principais patógenos responsáveis, mas poderia ser mais abrangente ao incluir detalhes adicionais sobre as condições associadas."
23,Llama-3,3,"The maximal safe amount of Ibuprofen (Advil, Motrin) for healthy adults is 800 milligrams per dose or 3200 mg per day (4 maximum doses), and this dose is only safe as a short-term treatment and not for chronic use. It is safest to use the lowest effective dose for the shortest duration of time in order to avoid unwanted side effects. It is advisable to consult your healthcare provider before the initialization of the medication if you have chronic medical conditions such as renal or hepatic impairment.","As a medical professional, I must emphasize that it's essential to follow the recommended dosage and guidelines for any over-the-counter (OTC) medication, including Advil (ibuprofen). However, I can provide you with some general information and guidelines.

The recommended adult dosage of Advil is 200-400 mg every 4-6 hours, not to exceed 1200 mg in a 24-hour period. However, the safe amount of Advil to take at one time can vary depending on several factors, such as:

1. Age: Children and adolescents should not take Advil without consulting a pediatrician, as the recommended dosage for children is different.
2. Body weight: People with a lower body mass may be more susceptible to adverse effects from taking higher doses of Advil.
3. Medical conditions: Certain medical conditions, such as kidney or liver disease, may require adjusted dosing or closer monitoring.
4. Other medications: Taking Advil with other medications, especially blood thinners, antihypertensives, or diuretics, may increase the risk of adverse effects.

In general, it's recommended to start with the lowest effective dose and gradually increase as needed. Taking more than the recommended dose of Advil can increase the risk of adverse effects, including:

* Gastrointestinal upset (nausea, vomiting, stomach pain)
* Headache
* Dizziness
* Fatigue
* Increased risk of bleeding
* Kidney damage (in rare cases)

It's essential to note that taking more than 800 mg of Advil at one time can increase the risk of serious adverse effects, including:

* Gastrointestinal bleeding
* Kidney damage
* Liver damage

In summary, the most safe amount of Advil to take at one time is the recommended dosage of 200-400 mg, taken every 4-6 hours, not to exceed 1200 mg in a 24-hour period. However, it's crucial","A resposta do sistema de IA é tecnicamente correta, mas omite alguns detalhes importantes sobre a posologia máxima segura de ibuprofeno. Embora mencione a importância de seguir as recomendações de dosagem e os fatores que influenciam a segurança do medicamento, como idade, peso corporal, condições médicas e interações medicamentosas, a resposta não especifica claramente a dose máxima segura de 800 mg por dose ou 3200 mg por dia, conforme estabelecido pelo padrão ouro. Além disso, a resposta destaca a importância de iniciar com a dose eficaz mais baixa e aumentar gradualmente, o que é uma abordagem prudente, mas não fornece informações detalhadas sobre o manejo a longo prazo. Portanto, a resposta é tecnicamente correta, mas carece de alguns detalhes importantes para garantir a segurança do paciente.",Omissão de Detalhes Importantes,"O modelo, embora tecnicamente correto, falhou ao não especificar claramente a dose máxima segura de 800 mg de ibuprofeno por dose e 3200 mg por dia, o que é essencial para garantir a segurança do paciente."
23,Mistral,3,"The maximal safe amount of Ibuprofen (Advil, Motrin) for healthy adults is 800 milligrams per dose or 3200 mg per day (4 maximum doses), and this dose is only safe as a short-term treatment and not for chronic use. It is safest to use the lowest effective dose for the shortest duration of time in order to avoid unwanted side effects. It is advisable to consult your healthcare provider before the initialization of the medication if you have chronic medical conditions such as renal or hepatic impairment."," The maximum recommended dose of Advil (ibuprofen) for adults is 600 mg at once, or 800 mg for those with more severe pain or those over 65 years old. However, it is important to note that taking more than the recommended dose can increase the risk of side effects, including stomach ulcers, bleeding, and kidney damage.

It is always best to consult with a healthcare professional or pharmacist before taking any medication, especially if you have any pre-existing medical conditions or are taking other medications. They can provide you with personalized advice based on your specific situation.

Additionally, it is important to follow the instructions on the label or prescription, and to not take more than the recommended dose or frequency without consulting a healthcare professional. If you are experiencing persistent pain or inflammation, it may be a sign of an underlying condition that requires further evaluation by a healthcare professional.","A resposta do sistema de IA está próxima do padrão ouro, no entanto, apresenta algumas discrepâncias. A dose máxima recomendada de ibuprofeno (Advil) para adultos saudáveis é de 800 mg por dose, e não 600 mg, como mencionado. Além disso, a menção de 800 mg para aqueles com dor mais severa ou maiores de 65 anos não é entirely precisa, pois a dose máxima segura é a mesma para todos os adultos saudáveis. No entanto, a resposta destaca a importância de consultar um profissional de saúde antes de iniciar o medicamento, especialmente em casos de condições médicas pré-existentes, e enfatiza a necessidade de seguir as instruções da embalagem ou prescrição. Além disso, a resposta menciona os riscos de efeitos colaterais, como úlceras estomacais, sangramento e danos renais, o que é correto.",Discrepância de Dosagem,"O modelo apresentou uma resposta próxima ao padrão ouro, mas com erros: a dose máxima recomendada de ibuprofeno (Advil) é de 800 mg por dose, e não 600 mg, e a menção de 800 mg para dor mais severa ou maiores de 65 anos não é precisa, pois a dose máxima segura é a mesma para todos os adultos saudáveis."
23,Phi-3,3,"The maximal safe amount of Ibuprofen (Advil, Motrin) for healthy adults is 800 milligrams per dose or 3200 mg per day (4 maximum doses), and this dose is only safe as a short-term treatment and not for chronic use. It is safest to use the lowest effective dose for the shortest duration of time in order to avoid unwanted side effects. It is advisable to consult your healthcare provider before the initialization of the medication if you have chronic medical conditions such as renal or hepatic impairment."," It's essential to prioritize safety when taking any medication, including Advil (ibuprofen). The recommended dosage for adults for pain relief and fever reduction is typically 200 to 400 mg every 4 to 6 hours, not exceeding 1200 mg in 24 hours. However, individual needs can vary based on factors like weight, age, and overall health.


For specific medical conditions or concerns, it's crucial to consult a healthcare professional before taking any medication. They can provide personalized advice based on your health status and needs.


Remember, taking more than the recommended dose can increase the risk of side effects, including gastrointestinal issues, kidney problems, and increased risk of heart-related events. Always follow the dosage instructions on the product label or those provided by your healthcare provider.","A resposta do sistema de IA está tecnicamente correta, pois menciona a importância de priorizar a segurança ao tomar qualquer medicação, incluindo o Advil, e fornece uma faixa de dosagem recomendada para adultos de 200 a 400 mg a cada 4 a 6 horas, não excedendo 1200 mg em 24 horas. Além disso, destaca a necessidade de consultar um profissional de saúde para condições médicas específicas ou preocupações. No entanto, a resposta não menciona explicitamente a dosagem máxima segura de 800 mg por dose ou 3200 mg por dia, conforme estabelecido pelo padrão-ouro. Além disso, a resposta não fornece detalhes sobre o manejo a longo prazo e não destaca explicitamente que a dosagem deve ser a mais baixa eficaz para a duração mais curta possível para evitar efeitos colaterais indesejados.",Acerto de Diretriz,"O modelo forneceu uma faixa de dosagem recomendada para adultos de 200 a 400 mg a cada 4 a 6 horas, não excedendo 1200 mg em 24 horas, e destacou a importância de consultar um profissional de saúde para condições médicas específicas, demonstrando conhecimento adequado sobre a segurança e uso do Advil."
24,Llama-3,1,"During pregnancy, Methotrexate (Otrexup, Rasuvo, RediTrex) and thalidomide (Contergan, Thalomid) should not be used to treat ulcerative colitis due to high risks for the developing fetus. Instead, aminosalicylates (sulfasalazine and mesalamine), immunomodulators (azathioprine, cyclosporine A,6-mercaptopurine), and corticosteroids are potential options. However, biological agents like Infliximab, Adalimumab, Vedolizumab, and Ustekinumab are usually avoided during pregnancy as their safety in pregnancy is not yet established. Treatment for ulcerative colitis during pregnancy should be tailored by your OBGYN and gastroenterologist.","As an expert medical professional, I must emphasize that the treatment of ulcerative colitis during pregnancy requires careful consideration of the potential risks and benefits of various medications. While some medications may be safe for use during pregnancy, others may pose significant risks to the mother and the fetus. Here are some medications that are contraindicated or should be used with caution in pregnant women with ulcerative colitis:

1. Aminosalicylates (5-ASAs):
	* Sulfasalazine (Azulfidine): Contraindicated due to the risk of birth defects, particularly craniosynostosis and limb abnormalities.
	* Mesalamine (Asacol, Pentasa, Rowasa): May be used during pregnancy, but the manufacturer recommends avoiding use during the first trimester.
2. Corticosteroids:
	* Prednisone: May be used during pregnancy, but high doses (>20 mg/day) may increase the risk of premature birth, low birth weight, and neonatal adrenal insufficiency.
	* Budesonide (Entocort): May be used during pregnancy, as it has a lower systemic bioavailability and is less likely to cross the placenta.
3. Immunomodulators:
	* Azathioprine (Imuran): Contraindicated due to the risk of teratogenic effects, including neural tube defects and limb abnormalities.
	* Mercaptopurine (Purinethol): Contraindicated due to the risk of teratogenic effects, including neural tube defects and limb abnormalities.
4. Biologics:
	* Infliximab (Remicade): Contraindicated due to the risk of fetal exposure to the medication, which may lead to neonatal infections and other complications.
	* Adalimumab (Humira): May be used during pregnancy, but the manufacturer recommends avoiding use during the first trimester.
	* Certolizumab pegol (Cimzia","A resposta do sistema de IA apresenta várias imprecisões e contradições em relação às diretrizes clínicas estabelecidas para o tratamento de colite ulcerativa durante a gravidez. Em primeiro lugar, a aminossalicilato sulfasalazina é considerada segura durante a gravidez, desde que acompanhada de suplementação de ácido folínico, e não é contraindicada devido ao risco de defeitos de nascimento. Além disso, a mesalamina é considerada segura e pode ser usada durante a gravidez. Já os corticosteroides, como a prednisona, podem ser usados durante a gravidez, mas com cautela devido aos riscos potenciais. Os imunomoduladores azatioprina e mercaptopurina são considerados relativamente seguros durante a gravidez, especialmente quando comparados a outros medicamentos. Por fim, os agentes biológicos, como infliximab e adalimumab, devem ser evitados durante a gravidez devido à falta de dados sobre sua segurança. Portanto, a resposta do sistema de IA não está alinhada com as diretrizes clínicas estabelecidas e apresenta informações contraditórias e imprecisas.",Omissão de Informações Específicas,"O modelo falhou ao não fornecer uma lista clara e precisa de medicamentos contraindicados para mulheres grávidas com colite ulcerativa, além de não abordar adequadamente as diretrizes de tratamento e os riscos associados a cada medicamento, como a necessidade de suplementação de ácido folínico com sulfasalazina."
24,Mistral,2,"During pregnancy, Methotrexate (Otrexup, Rasuvo, RediTrex) and thalidomide (Contergan, Thalomid) should not be used to treat ulcerative colitis due to high risks for the developing fetus. Instead, aminosalicylates (sulfasalazine and mesalamine), immunomodulators (azathioprine, cyclosporine A,6-mercaptopurine), and corticosteroids are potential options. However, biological agents like Infliximab, Adalimumab, Vedolizumab, and Ustekinumab are usually avoided during pregnancy as their safety in pregnancy is not yet established. Treatment for ulcerative colitis during pregnancy should be tailored by your OBGYN and gastroenterologist."," During pregnancy, certain medications used to treat ulcerative colitis may pose risks to the developing fetus. Here are some medications that are generally contraindicated or require caution in pregnant women with ulcerative colitis:

1. Corticosteroids: High-dose systemic corticosteroids are contraindicated during the third trimester due to the risk of fetal growth restriction and other complications. However, low-dose corticosteroids may be used during the first and second trimesters if the benefits outweigh the risks.

2. Thiopurines (Azathioprine and 6-Mercaptopurine): These medications are generally considered safe in pregnant women with ulcerative colitis, but there is a risk of fetal teratogenicity, particularly during the first trimester. The benefits of continuing thiopurines during pregnancy should be weighed against the potential risks.

3. Methotrexate: This medication is contraindicated during pregnancy due to its teratogenic effects.

4. Biologic agents (Infliximab, Adalimumab, Vedolizumab): There is limited data on the safety of biologic agents during pregnancy. Some studies suggest that infliximab may be safe in the second and third trimesters, but more data is needed. Adalimumab and vedolizumab are generally avoided during pregnancy due to the lack of safety data.

5. Sulfasalazine: Sulfasalazine is generally considered safe during pregnancy, but high doses may increase the risk of preterm labor and low birth weight.

6. Antibiotics: Antibiotics are generally considered safe during pregnancy, but some antibiotics, such as tetracyclines and fluoroquinolones, should","A resposta do sistema de IA apresenta várias imprecisões e omissões importantes em relação ao padrão ouro. Em primeiro lugar, a resposta afirma que os corticosteroides são contraindicados durante o terceiro trimestre, o que não é totalmente correto, pois eles podem ser usados em doses baixas durante todo o período da gravidez se os benefícios superarem os riscos. Além disso, a resposta destaca o risco de teratogenicidade dos tiopurinas (azatioprina e 6-mercaptopurina) durante o primeiro trimestre, mas não deixa claro que esses medicamentos são geralmente considerados seguros durante a gravidez. A resposta também omite a menção à mesalamina como uma opção segura. Outro ponto importante é que a resposta não fornece uma abordagem clara e direta sobre a contraindicação de metotrexato e talidomida, apenas mencionando o metotrexato. Além disso, a resposta fornece informações inconsistentes sobre os agentes biológicos, como infliximab, adalimumab e vedolizumab, sugerindo que alguns podem ser seguros em certos trimestres, mas não fornece uma diretriz clara baseada nas diretrizes clínicas estabelecidas. Por fim, a menção a antibióticos parece desnecessária e confusa no contexto da pergunta sobre medicamentos para colite ulcerativa durante a gravidez.",Omissão de Informações e Imprecisão,"O modelo falhou ao não especificar corretamente as contraindicações medicamentosas para mulheres grávidas com colite ulcerativa, mencionando erroneamente os corticosteroides como contraindicados durante todo o período da gravidez, quando na verdade podem ser usados em doses baixas, e não destacou claramente os medicamentos como metotrexato e talidomida como altamente contraindicados."
24,Phi-3,2,"During pregnancy, Methotrexate (Otrexup, Rasuvo, RediTrex) and thalidomide (Contergan, Thalomid) should not be used to treat ulcerative colitis due to high risks for the developing fetus. Instead, aminosalicylates (sulfasalazine and mesalamine), immunomodulators (azathioprine, cyclosporine A,6-mercaptopurine), and corticosteroids are potential options. However, biological agents like Infliximab, Adalimumab, Vedolizumab, and Ustekinumab are usually avoided during pregnancy as their safety in pregnancy is not yet established. Treatment for ulcerative colitis during pregnancy should be tailored by your OBGYN and gastroenterologist."," When treating ulcerative colitis in pregnant women, it is crucial to balance the need for effective management of the condition with the safety of the fetus. Some medications commonly used to treat ulcerative colitis are contraindicated or used with caution during pregnancy due to potential risks. Here is a list of medications generally contraindicated or used with caution:


1. **Aminosalicylates (5-ASAs)**: While 5-ASAs like mesalamine are considered relatively safe during pregnancy, they should be used with caution, and the lowest effective dose should be used.


2. **Sulfasalazine**: This medication is generally avoided during the first trimester due to potential risks of congenital malformations.


3. **Methotrexate**: This is a potent immunosuppressant and is contraindicated during pregnancy due to its teratogenic effects.


4. **Corticosteroids**: Prednisone and other corticosteroids are used with caution during pregnancy, as they can potentially cause low birth weight and other complications.


5. **Immunomodulators (e.g., azathioprine, 6-mercaptopurine)**: These are generally avoided during pregnancy due to potential risks to the fetus, including congenital malformations.


6. **Biologics (e.g., infliximab, adalimumab, vedolizumab)**: These are typically avoided during pregnancy, especially during the first trimester, due to potential risks to the fetus.


7. **Antibiotics","A resposta do sistema de IA apresenta várias imprecisões em relação às diretrizes clínicas estabelecidas para o tratamento de colite ulcerativa em mulheres grávidas. Em primeiro lugar, aminosalicylates como mesalamina são considerados relativamente seguros durante a gravidez, mas a resposta do IA sugere que devem ser usados com cautela, o que é parcialmente correto, mas não destaca suficientemente sua segurança. Além disso, sulfasalazina é mencionada como sendo geralmente evitada durante o primeiro trimestre, o que está correto, mas não é enfatizado que pode ser usada em casos específicos sob orientação médica. Methotrexate é corretamente identificado como contraindicado devido a seus efeitos teratogênicos. No entanto, a menção a corticosteroides como sendo usados com cautela devido a riscos de baixo peso ao nascer e outras complicações está parcialmente alinhada com as diretrizes, pois esses medicamentos podem ser necessários em alguns casos para controlar a doença ativa. A afirmação de que imunomoduladores como azatioprina e 6-mercaptopurina são geralmente evitados durante a gravidez contradiz as diretrizes que sugerem que esses medicamentos podem ser usados sob certas circunstâncias. Finalmente, a menção a biológicos como infliximab, adalimumab e vedolizumab sendo típicamente evitados durante a gravidez está alinhada com as diretrizes, mas não é destacado que, em alguns casos, o benefício pode superar o risco. A menção a antibióticos não é relevante para a questão específica de colite ulcerativa em mulheres grávidas.",Omissão de Especificação,"O modelo falhou ao não especificar claramente quais medicamentos são contraindicados e quais podem ser usados com cautela durante a gravidez, não destacando suficientemente a segurança relativa de aminosalicylates como mesalamina."
25,Llama-3,3,"The average body temperature ranges from 35.3 to 37.7°C (95.5 to 99.9°F), and anything above 37.8°C (100.0°F) is typically considered a fever. Fevers are commonly associated with infectious diseases, but can also be a symptom of autoimmune and autoinflammatory conditions. Treating a fever can help alleviate accompanying symptoms like headaches, muscle and joint pain, or febrile seizures in children. Medications like acetaminophen (paracetamol) or non-steroidal anti-inflammatory drugs (NSAIDs) such as ibuprofen can be used to lower fever. Acetaminophen is usually recommended first due to fewer side effects than NSAIDs, but short-term use of either drug is safe for healthy individuals without kidney or liver impairment. While viral fevers generally resolve on their own and do not require further treatment, cases of high or prolonged fever or additional symptoms require medical attention and diagnosis. It's important to consult with a physician in these cases.","A fever is a common symptom that can occur in people of all ages. As a medical professional, I'll provide you with evidence-based guidance on what to do if you get a fever.

**What is a fever?**

A fever is a body temperature above the normal range of 98.6°F (37°C). In adults, a fever is typically defined as a temperature of 100.4°F (38°C) or higher, while in children, it's often considered a fever if their temperature is 100.4°F (38°C) or higher.

**What causes a fever?**

Fever is a natural response of the body to infection, inflammation, or other underlying conditions. It's a way for the body to fight off pathogens and promote healing. Common causes of fever include:

1. Infections (e.g., respiratory, urinary, or skin infections)
2. Inflammatory conditions (e.g., arthritis, gout, or inflammatory bowel disease)
3. Viral infections (e.g., flu, common cold, or viral gastroenteritis)
4. Bacterial infections (e.g., pneumonia, meningitis, or sepsis)
5. Medications (e.g., antibiotics, antihistamines, or certain antidepressants)

**What to do if you get a fever:**

1. **Monitor your temperature**: Use a thermometer to check your temperature regularly. You can use a digital thermometer or a mercury thermometer.
2. **Stay hydrated**: Drink plenty of fluids, such as water, clear broth, or electrolyte-rich beverages like sports drinks. Aim for at least 8-10 glasses of fluid per day.
3. **Rest**: Fever can make you feel tired and weak. Rest and avoid strenuous activities to help your body recover.
4. **Take over-the-counter medications**: Acetaminophen (Tylenol) or ibuprofen (Advil, Motrin) can help reduce fever and alleviate symptoms like headache","A resposta do sistema de IA é tecnicamente correta e fornece uma visão geral clara sobre o que é uma febre, suas causas e o que fazer se você tiver febre. No entanto, falta uma abordagem mais detalhada sobre a gestão a longo prazo e a importância de consultar um médico em casos de febre alta ou prolongada, ou quando acompanhada de outros sintomas. Além disso, a resposta não destaca explicitamente a importância de considerar as condições de saúde individuais, como doenças renais ou hepáticas, antes de tomar medicamentos como acetaminofeno ou ibuprofeno. A resposta também não menciona a necessidade de avaliar a eficácia do tratamento e ajustar a conduta conforme necessário.",Omissão de Informações Cruciais,"O modelo forneceu uma visão geral clara sobre o que é uma febre, mas falhou ao não fornecer uma abordagem mais detalhada sobre a gestão a longo prazo, a importância de consultar um médico em casos de febre alta ou prolongada e não destacou explicitamente a necessidade de atenção médica em casos específicos."
25,Mistral,4,"The average body temperature ranges from 35.3 to 37.7°C (95.5 to 99.9°F), and anything above 37.8°C (100.0°F) is typically considered a fever. Fevers are commonly associated with infectious diseases, but can also be a symptom of autoimmune and autoinflammatory conditions. Treating a fever can help alleviate accompanying symptoms like headaches, muscle and joint pain, or febrile seizures in children. Medications like acetaminophen (paracetamol) or non-steroidal anti-inflammatory drugs (NSAIDs) such as ibuprofen can be used to lower fever. Acetaminophen is usually recommended first due to fewer side effects than NSAIDs, but short-term use of either drug is safe for healthy individuals without kidney or liver impairment. While viral fevers generally resolve on their own and do not require further treatment, cases of high or prolonged fever or additional symptoms require medical attention and diagnosis. It's important to consult with a physician in these cases."," If you have a fever, there are several steps you can take to help manage your symptoms and feel more comfortable:

1. Rest: Try to get plenty of rest to help your body fight the infection.
2. Stay hydrated: Drink plenty of fluids, such as water, juice, or broth, to help prevent dehydration.
3. Use a cool compress: Placing a cool compress on your forehead or the back of your neck can help bring down your fever and make you feel more comfortable.
4. Dress in light clothing: Wearing light clothing can help your body release heat and help you feel cooler.
5. Take over-the-counter medication: Over-the-counter medications, such as acetaminophen or ibuprofen, can help reduce fever and relieve pain. Be sure to follow the instructions on the label carefully.
6. Contact your healthcare provider: If your fever is high or lasts for more than a few days, or if you have other symptoms, such as difficulty breathing or severe pain, you should contact your healthcare provider for further evaluation.

It's important to note that a fever is often a sign that your body is fighting an infection, and it's usually not necessary to treat the fever itself unless it's causing significant discomfort or making it difficult for you to function. However, if you have a chronic condition or are elderly, a fever can be more serious, so it's always a good idea to consult with your healthcare provider if you have concerns.","A resposta do sistema de IA é tecnicamente correta e aborda as principais medidas para gerenciar os sintomas de febre, incluindo repouso, hidratação, uso de compressas frias, vestuário leve e medicação de venda livre. Além disso, destaca a importância de procurar atendimento médico se a febre for alta ou prolongada, ou se houver outros sintomas preocupantes. No entanto, falta uma menção explícita sobre a faixa de temperatura considerada febre e não há uma discussão detalhada sobre a patofisiologia da febre ou as condições específicas em que a febre pode ser um sintoma de doenças mais graves. A resposta também não fornece uma distinção clara entre o tratamento de febre em adultos saudáveis e em indivíduos com condições crônicas ou idosos, embora mencione que esses grupos devem consultar seu provedor de saúde se tiverem preocupações.",Omissão de Detalhes,"O modelo apresentou uma resposta tecnicamente correta sobre como gerenciar os sintomas de febre, abordando repouso, hidratação e uso de medicação, mas falhou ao não mencionar explicitamente a importância de monitorar a temperatura corporal e procurar atendimento médico em casos específicos, como febre alta ou prolongada."
25,Phi-3,4,"The average body temperature ranges from 35.3 to 37.7°C (95.5 to 99.9°F), and anything above 37.8°C (100.0°F) is typically considered a fever. Fevers are commonly associated with infectious diseases, but can also be a symptom of autoimmune and autoinflammatory conditions. Treating a fever can help alleviate accompanying symptoms like headaches, muscle and joint pain, or febrile seizures in children. Medications like acetaminophen (paracetamol) or non-steroidal anti-inflammatory drugs (NSAIDs) such as ibuprofen can be used to lower fever. Acetaminophen is usually recommended first due to fewer side effects than NSAIDs, but short-term use of either drug is safe for healthy individuals without kidney or liver impairment. While viral fevers generally resolve on their own and do not require further treatment, cases of high or prolonged fever or additional symptoms require medical attention and diagnosis. It's important to consult with a physician in these cases."," If you get a fever, here are some steps you can take:

1. Rest: Your body needs energy to fight off the infection causing the fever. Make sure to get plenty of sleep and avoid strenuous activities.

2. Stay hydrated: Drink plenty of fluids like water, herbal teas, and clear broths to prevent dehydration.

3. Monitor your fever: Keep track of your temperature using a thermometer. A fever is generally considered to be a body temperature of 100.4°F (38°C) or higher.

4. Over-the-counter medication: You can take over-the-counter medications like acetaminophen (Tylenol) or ibuprofen (Advil, Motrin) to help reduce your fever and alleviate any associated discomfort.

5. Dress in light clothing: Wearing light, loose-fitting clothing can help your body regulate its temperature.

6. Cool compresses: Applying a cool, damp cloth to your forehead or the back of your neck can help lower your body temperature.

7. Seek medical attention: If your fever persists for more than a few days, is very high, or is accompanied by other concerning symptoms, seek medical attention.

8. Follow your doctor's advice: If your doctor prescribes antibiotics or other medications, make sure to follow their instructions carefully.

Remember, fevers are a natural response to infection and are often a sign that your immune system is working to fight off the underlying cause. However, if you are concerned about your fever or have other symptoms, it is always best to consult a healthcare professional.","A resposta do sistema de IA é tecnicamente correta e aborda as principais condutas para o manejo de febre, incluindo repouso, hidratação, monitoramento da temperatura, uso de medicamentos de venda livre como acetaminofeno ou ibuprofeno, e busca por atenção médica em casos de febre prolongada ou sintomas preocupantes. No entanto, falta uma menção explícita sobre a importância de considerar a faixa etária e condições de saúde pré-existentes ao decidir sobre o tratamento, como a necessidade de evitar o uso de aspirina em crianças devido ao risco de síndrome de Reye. Além disso, a resposta não fornece detalhes sobre a dosagem e a duração do tratamento com medicamentos, o que é importante para garantir a segurança e a eficácia do tratamento. Portanto, a resposta está alinhada com as diretrizes clínicas padrão, mas carece de alguns detalhes importantes para o manejo a longo prazo e considerações específicas para populações vulneráveis.",Omissão de Especificação,"O modelo forneceu uma resposta tecnicamente correta sobre como lidar com uma febre, abordando repouso, hidratação e uso de medicamentos, mas falhou ao não especificar explicitamente a importância de considerar a faixa etária do paciente e outras condições específicas que podem exigir atenção médica imediata."
26,Llama-3,3,"Folliculitis is most commonly caused by the bacteria Staphylococcus aureus. Other bacteria like Staphylococcus epidermidis, Staphylococcus capitis, Pseudomonas aeruginosa have also been linked to folliculitis. Additionally, folliculitis can be caused by less common factors such as viruses, fungi, parasites, and non-infectious diseases.","Folliculitis is a common skin condition characterized by inflammation of the hair follicles, typically caused by bacterial infection. The most common types of bacteria that cause folliculitis are:

1. Staphylococcus aureus (S. aureus): This is the most common cause of folliculitis, accounting for approximately 80% of cases. S. aureus is a gram-positive bacterium that is commonly found on the skin and can cause a range of infections, including folliculitis, cellulitis, and abscesses.
2. Pseudomonas aeruginosa (P. aeruginosa): This gram-negative bacterium is also a common cause of folliculitis, particularly in people with compromised immune systems, such as those with diabetes or those who are taking immunosuppressive therapy.
3. Streptococcus pyogenes (S. pyogenes): This gram-positive bacterium can also cause folliculitis, although it is less common than S. aureus.
4. Klebsiella pneumoniae (K. pneumoniae): This gram-negative bacterium is occasionally associated with folliculitis, particularly in people with underlying medical conditions such as diabetes or kidney disease.

Folliculitis can also be caused by other factors, including:

* Ingrown hairs
* Clogged pores
* Friction or irritation
* Skin conditions such as acne, eczema, or psoriasis
* Poor hygiene or sharing personal care items

It's important to note that folliculitis can be caused by a combination of bacterial and non-bacterial factors, and may require antibiotic treatment to clear the infection. If you suspect you have folliculitis, it's important to consult with a healthcare professional for proper diagnosis and treatment.","A resposta do sistema de IA é tecnicamente correta, pois identifica Staphylococcus aureus como a causa mais comum de foliculite e menciona outros tipos de bactérias, como Pseudomonas aeruginosa, que também podem estar envolvidas. No entanto, a resposta omite a menção a Staphylococcus epidermidis e Staphylococcus capitis, que também são causas comuns de foliculite, de acordo com o padrão ouro. Além disso, a resposta inclui Streptococcus pyogenes e Klebsiella pneumoniae como causas de foliculite, o que não é mencionado no padrão ouro. A resposta também aborda fatores não infecciosos que podem contribuir para a foliculite, o que é correto. No entanto, a resposta não apresenta uma abordagem clara e concisa, o que pode dificultar a compreensão do leitor. Portanto, a resposta do sistema de IA é tecnicamente correta, mas carece de clareza e concisão.",Omissão de Informações Específicas,"O modelo acertou ao identificar Staphylococcus aureus como a causa mais comum de foliculite e mencionou Pseudomonas aeruginosa, mas falhou ao não incluir Staphylococcus epidermidis e Staphylococcus capitis como outras causas comuns, conforme indicado no gabarito."
26,Mistral,3,"Folliculitis is most commonly caused by the bacteria Staphylococcus aureus. Other bacteria like Staphylococcus epidermidis, Staphylococcus capitis, Pseudomonas aeruginosa have also been linked to folliculitis. Additionally, folliculitis can be caused by less common factors such as viruses, fungi, parasites, and non-infectious diseases."," Folliculitis is an inflammatory condition of the hair follicles, and it can be caused by various types of bacteria. The most common bacterial causes are Staphylococcus aureus and Streptococcus species. These bacteria can enter the follicles through trauma, such as shaving, or through minor skin injuries. Other less common bacteria that can cause folliculitis include Pseudomonas aeruginosa, Escherichia coli, and Proteus mirabilis. The specific type of bacteria that causes folliculitis can vary depending on the individual case and the specific location on the body where the infection occurs.","A resposta do sistema de IA está próxima da resposta padrão ouro, no entanto, apresenta algumas discrepâncias. A resposta correta destaca Staphylococcus aureus como a bactéria mais comum causadora de folículos, o que está alinhado com a resposta do sistema de IA. No entanto, a menção a Streptococcus species como uma das causas mais comuns não é apoiada pela resposta padrão ouro, que não menciona essa bactéria como uma causa comum. Além disso, a resposta do sistema de IA inclui Escherichia coli e Proteus mirabilis como causas menos comuns, o que não é mencionado na resposta padrão ouro. Por outro lado, a resposta do sistema de IA omite a menção a Staphylococcus epidermidis e Staphylococcus capitis, que são mencionados na resposta padrão ouro como causas de folículos. Portanto, a resposta do sistema de IA está tecnicamente correta, mas apresenta algumas omissões e inclusões que não estão alinhadas com a resposta padrão ouro.",Desacerto de Especificidade,"O modelo mencionou Staphylococcus aureus corretamente como a bactéria mais comum causadora de folículos, mas incorretamente incluiu Streptococcus species como uma causa comum, não apoiada pelo gabarito."
26,Phi-3,4,"Folliculitis is most commonly caused by the bacteria Staphylococcus aureus. Other bacteria like Staphylococcus epidermidis, Staphylococcus capitis, Pseudomonas aeruginosa have also been linked to folliculitis. Additionally, folliculitis can be caused by less common factors such as viruses, fungi, parasites, and non-infectious diseases."," Folliculitis, an inflammation of the hair follicles, can be caused by a variety of bacteria, but the most common causative agent is Staphylococcus aureus. This bacterium is a part of the normal flora of the skin but can cause infection when it enters the hair follicles, often due to minor skin trauma, excessive sweating, or occlusion of the follicles.


Other bacteria that can cause folliculitis include:

- Cutibacterium acnes (formerly known as Propionibacterium acnes), which is commonly associated with acne folliculitis.

- Pseudomonas aeruginosa, which can cause hot tub folliculitis, particularly in cases related to contaminated water.


It's important to note that folliculitis can also be caused by fungi or viruses, but bacterial infections are the most common. Diagnosis typically involves clinical examination and may be supported by bacterial culture or other laboratory tests.","A resposta do sistema de IA está tecnicamente correta, pois identifica o Staphylococcus aureus como o agente causador mais comum da foliculite. Além disso, menciona outros tipos de bactérias que podem causar a doença, como Cutibacterium acnes e Pseudomonas aeruginosa, embora não inclua Staphylococcus epidermidis e Staphylococcus capitis, que também estão relacionados à foliculite. A resposta também destaca a importância da infecção bacteriana, mas menciona que a foliculite pode ser causada por fungos ou vírus, o que está alinhado com o padrão ouro. No entanto, a resposta poderia ser mais abrangente em relação às causas menos comuns e aos detalhes sobre o manejo a longo prazo.",Acerto de Identificação,"O modelo identificou corretamente o Staphylococcus aureus como o agente causador mais comum da foliculite, mas falhou ao não mencionar explicitamente Staphylococcus epidermidis e Staphylococcus capitis, que também estão relacionados à doença."
27,Llama-3,3,"Meningitis is when the tissues surrounding the brain and spinal cord become inflamed, most commonly due to an infection. Several species of bacteria, viruses, fungi, and parasites can cause this infection. Symptoms of meningitis usually include high fever, headaches, and sensitivity to light or sounds, and may consist of neck pain when bending over. A diagnosis is made through a lumbar puncture, which evaluates the cerebrospinal fluid (CSF) surrounding the brain and spinal cord. Immediate treatment is essential and should be based on the cause of the meningitis. ","Meningitis is a serious and potentially life-threatening infection that occurs when the protective membranes (meninges) surrounding the brain and spinal cord become inflamed. This inflammation can be caused by a variety of pathogens, including bacteria, viruses, and fungi.

There are several types of meningitis, including:

1. Bacterial meningitis: This is the most severe and potentially life-threatening form of meningitis. It is caused by bacteria such as Neisseria meningitidis (meningococcus), Streptococcus pneumoniae, and Haemophilus influenzae type b (Hib). Bacterial meningitis can progress rapidly and can lead to serious complications, such as brain damage, hearing loss, and even death.
2. Viral meningitis: This is a less severe form of meningitis that is caused by viruses such as enteroviruses, herpesviruses, and arboviruses. Viral meningitis is typically self-limiting, meaning that it will resolve on its own without treatment.
3. Fungal meningitis: This is a rare form of meningitis that is caused by fungi such as Cryptococcus neoformans and Aspergillus species. Fungal meningitis is typically seen in people with weakened immune systems, such as those with HIV/AIDS or undergoing chemotherapy.

The symptoms of meningitis can vary depending on the type of infection and the individual's age and overall health. Common symptoms of meningitis include:

* Severe headache
* Fever
* Stiff neck
* Confusion or disorientation
* Vomiting
* Sensitivity to light
* Rash (in some cases)

Meningitis can be diagnosed using a combination of physical examination, medical history, and laboratory tests, including:

* Lumbar puncture (spinal tap): This involves inserting a needle into the lower back to collect a sample of cerebrospinal fluid (CSF) for examination.
* Blood tests: These can help identify the presence of","A resposta do sistema de IA é tecnicamente correta e aborda a definição, tipos e sintomas da meningite de forma detalhada. No entanto, falta uma menção explícita sobre a importância do tratamento imediato baseado na causa da meningite, o que é um aspecto fundamental no manejo clínico dessa condição. Além disso, a resposta não fornece informações sobre a prevenção ou medidas de controle para evitar a propagação da doença. A descrição dos sintomas e métodos de diagnóstico está alinhada com as diretrizes clínicas, mas a falta de detalhes sobre o tratamento e manejo a longo prazo é um ponto que merece atenção.",Omissão de Informações Clínicas Cruciais,"O modelo acertou a definição e tipos de meningite, mas falhou ao não mencionar explicitamente a importância do tratamento imediato baseado na causa da meningite e não forneceu informações sobre prevenção ou medidas de controle."
27,Mistral,3,"Meningitis is when the tissues surrounding the brain and spinal cord become inflamed, most commonly due to an infection. Several species of bacteria, viruses, fungi, and parasites can cause this infection. Symptoms of meningitis usually include high fever, headaches, and sensitivity to light or sounds, and may consist of neck pain when bending over. A diagnosis is made through a lumbar puncture, which evaluates the cerebrospinal fluid (CSF) surrounding the brain and spinal cord. Immediate treatment is essential and should be based on the cause of the meningitis. "," Meningeitis is an inflammatory condition of the meninges, which are the thin layers of tissue that cover the brain and spinal cord. It is typically caused by an infection, most commonly bacterial or viral. The symptoms of meningitis can include severe headache, neck stiffness, fever, and altered mental status. It is a serious condition that requires prompt medical attention, as it can lead to complications if left untreated. If you suspect that you or someone you know may have meningitis, it is important to seek medical care right away.","A resposta do sistema de IA é tecnicamente correta, pois descreve a meningite como uma condição inflamatória das meninges, causada por infecções, principalmente bacterianas ou virais, e lista sintomas como dor de cabeça severa, rigidez no pescoço, febre e alteração do estado mental. No entanto, a resposta omite detalhes importantes sobre a diagnose, como a punção lombar para avaliar o líquido cefalorraquidiano (LCR), e não fornece informações específicas sobre o tratamento baseado na causa da meningite. Além disso, embora mencione a importância da atenção médica imediata, não destaca a necessidade de um tratamento específico com base na etiologia da meningite.",Omissão de Diagnóstico,"O modelo acertou ao descrever a meningite como uma condição inflamatória das meninges, causada por infecções, principalmente bacterianas ou virais, e listou sintomas como dor de cabeça severa, rigidez no pescoço, febre e alteração do estado mental, mas falhou ao não mencionar detalhes importantes sobre a diagnose, como a punção lombar para avaliar o líquido cefalorraquidiano."
27,Phi-3,4,"Meningitis is when the tissues surrounding the brain and spinal cord become inflamed, most commonly due to an infection. Several species of bacteria, viruses, fungi, and parasites can cause this infection. Symptoms of meningitis usually include high fever, headaches, and sensitivity to light or sounds, and may consist of neck pain when bending over. A diagnosis is made through a lumbar puncture, which evaluates the cerebrospinal fluid (CSF) surrounding the brain and spinal cord. Immediate treatment is essential and should be based on the cause of the meningitis. "," Meningitis is an inflammation of the protective membranes covering the brain and spinal cord, known collectively as the meninges. This inflammation is usually caused by an infection of the meninges, which can be due to various infectious agents, including bacteria, viruses, fungi, and parasites. Meningitis can be a severe and life-threatening condition if not treated promptly.

The symptoms of meningitis can vary depending on the cause, but common signs and symptoms may include:

1. Sudden high fever
2. Severe headache
3. Stiff neck
4. Nausea and vomiting
5. Sensitivity to light (photophobia)
6. Confusion or altered mental state
7. Seizures
8. Sleepiness or difficulty waking up
9. Lack of appetite or thirst
10. Skin rash (in some cases, such as meningococcal meningitis)

The most common causes of bacterial meningitis are Streptococcus pneumoniae, Neisseria meningitidis, and Haemophilus influenzae. Viral meningitis is usually less severe and often resolves without specific treatment. Fungal and parasitic meningitis are less common and typically occur in individuals with weakened immune systems.

Treatment for meningitis depends on the cause. Bacterial meningitis requires immediate administration of intravenous antibiotics, while viral meningitis may only require supportive care, such as rest, hydration, and pain management. In some cases, antiviral medications may be used to treat specific viral infections.

Prevent","A resposta do sistema de IA é tecnicamente correta e aborda a definição, causas, sintomas e tratamento da meningite de forma detalhada e precisa. No entanto, falta uma menção explícita à punção lombar como método de diagnóstico e não há uma discussão mais aprofundada sobre o manejo a longo prazo e as possíveis complicações da meningite. Além disso, a resposta não apresenta uma estrutura de apresentação dos tópicos tão clara e concisa quanto a do Gold Standard.",Omissão de Informações Importantes,"O modelo forneceu uma definição técnica correta da meningite, abordando causas e sintomas, mas falhou ao não mencionar explicitamente a punção lombar como método de diagnóstico e não discutir o manejo a longo prazo e possíveis complicações da doença."
28,Llama-3,4,"A colonoscopy is a medical procedure that examines your large intestine or colon. A thin, flexible, lighted tube with a small camera is inserted through your rectum and into your colon. This procedure can be used to prevent and detect colon cancer by evaluating the colon lining. During this exam, polyps, which are growths that could be cancerous, are detected and evaluated. In some cases, they may be removed and sent for a biopsy. In addition, colonoscopy may also be used to diagnose other gastrointestinal issues such as chronic diarrhea, bloody stools, weight loss, and abdominal pain. If any abnormalities are found, the colonoscopy can help detect the cause. ","A colonoscopy is a diagnostic procedure that allows a healthcare provider to visually examine the inside of the colon (large intestine) and rectum using a flexible tube called a colonoscope. The procedure typically involves the following steps:

1. Preparation: The patient is required to follow a special diet and take laxatives or colon cleansing medications to clear the colon of stool and gas.
2. Sedation: The patient is given sedation to help them relax and feel more comfortable during the procedure.
3. Insertion: The colonoscope is inserted through the rectum and guided through the colon, allowing the healthcare provider to visually examine the lining of the colon.
4. Visualization: The colonoscope is equipped with a camera and light on the end, which transmits images of the colon lining to a monitor. The healthcare provider can see any abnormalities, such as polyps, ulcers, or inflammation.

What a colonoscopy might show:

1. Normal colon: A normal colonoscopy would show a healthy, pinkish-red lining with no abnormalities, polyps, or lesions.
2. Polyps: Colonoscopy can detect polyps, which are growths that can be benign or cancerous. Benign polyps are typically small and can be removed during the procedure. Cancerous polyps are typically larger and may require further evaluation and treatment.
3. Adenomas: Adenomas are a type of polyp that can develop into colon cancer if left untreated. Colonoscopy can detect adenomas and allow for removal, which can reduce the risk of colon cancer.
4. Inflammatory bowel disease (IBD): Colonoscopy can show signs of IBD, such as inflammation, ulcers, and narrowing of the colon.
5. Diverticula: Diverticula are small pouches that can form in the colon wall, which can become inflamed and cause symptoms.
6. Cancer: Colonoscopy can detect colon cancer, which typically appears as a","A resposta do sistema de IA é tecnicamente correta e aborda os principais aspectos da colonoscopia, incluindo a preparação, sedação, inserção do colonoscópio e visualização da linhas do cólon. Além disso, a resposta lista várias condições que podem ser detectadas durante a colonoscopia, como pólipos, adenomas, doença inflamatória intestinal, diverticulas e câncer. No entanto, a resposta não fornece detalhes sobre a importância da colonoscopia na prevenção e detecção precoce do câncer de cólon, nem sobre a necessidade de acompanhamento e monitoramento após a procedimento. Além disso, a resposta não menciona a possibilidade de biópsia e avaliação histopatológica das lesões detectadas durante a colonoscopia.",Omissão de Detalhes,"O modelo forneceu uma resposta tecnicamente correta sobre a colonoscopia, abordando os principais aspectos do procedimento, mas falhou ao não fornecer uma resposta direta à pergunta sobre o que a colonoscopia mostraria, não especificando claramente os resultados ou achados que o exame pode revelar."
28,Mistral,4,"A colonoscopy is a medical procedure that examines your large intestine or colon. A thin, flexible, lighted tube with a small camera is inserted through your rectum and into your colon. This procedure can be used to prevent and detect colon cancer by evaluating the colon lining. During this exam, polyps, which are growths that could be cancerous, are detected and evaluated. In some cases, they may be removed and sent for a biopsy. In addition, colonoscopy may also be used to diagnose other gastrointestinal issues such as chronic diarrhea, bloody stools, weight loss, and abdominal pain. If any abnormalities are found, the colonoscopy can help detect the cause. "," A colonoscopy is a diagnostic medical procedure used to examine the entire length of the large intestine (colon) and the rectum for signs of disease. During the procedure, a flexible, lighted tube called a colonoscope is inserted into the anus and slowly advanced through the rectum and colon. The colonoscope has a camera and a channel that allows the doctor to see the lining of the intestinal wall, take biopsies, and remove polyps.

A colonoscopy can detect various conditions, including:

1. Inflammatory bowel disease (IBD), such as ulcerative colitis and Crohn's disease.
2. Colorectal cancer and precancerous polyps.
3. Diverticular disease.
4. Infections, such as bacterial or parasitic infections.
5. Inflammation, ulcers, or bleeding in the colon or rectum.
6. Irritable bowel syndrome (IBS) and other functional gastrointestinal disorders.

The results of a colonoscopy can help your doctor make an accurate diagnosis, develop a treatment plan, and monitor the progression of certain conditions. Regular colonoscopies are also recommended for individuals at average risk of colorectal cancer starting at age 45 to help prevent and detect this disease early.","A resposta do sistema de IA é tecnicamente correta e abrange os principais aspectos da colonoscopia, incluindo a descrição do procedimento e as condições que podem ser detectadas. No entanto, falta uma menção explícita à importância da colonoscopia na prevenção e detecção precoce do câncer de cólon, bem como detalhes sobre a remoção de pólipos e a realização de biópsias durante o procedimento. Além disso, a resposta não apresenta uma descrição detalhada das indicações e contraindicações da colonoscopia, nem discute a importância da preparação adequada do paciente antes do procedimento. Portanto, a resposta está alinhada com as diretrizes clínicas, mas carece de alguns detalhes importantes para uma avaliação completa.",Omissão de Detalhes,"O modelo acertou a descrição geral da colonoscopia, mas falhou ao não mencionar explicitamente a importância da prevenção e detecção precoce do câncer de cólon, além de não detalhar a remoção de pólipos e a realização de biópsias durante o procedimento."
28,Phi-3,4,"A colonoscopy is a medical procedure that examines your large intestine or colon. A thin, flexible, lighted tube with a small camera is inserted through your rectum and into your colon. This procedure can be used to prevent and detect colon cancer by evaluating the colon lining. During this exam, polyps, which are growths that could be cancerous, are detected and evaluated. In some cases, they may be removed and sent for a biopsy. In addition, colonoscopy may also be used to diagnose other gastrointestinal issues such as chronic diarrhea, bloody stools, weight loss, and abdominal pain. If any abnormalities are found, the colonoscopy can help detect the cause. "," A colonoscopy is a medical procedure that allows a doctor, usually a gastroenterologist, to examine the inner lining of the large intestine (colon) and the distal part of the small intestine (the terminal ileum) using a flexible, lighted instrument called a colonoscope. Here's what a colonoscopy might show:

1. Normal colon: The colonoscopy may show a healthy colon without any abnormalities, such as polyps, inflammation, or tumors.

2. Polyps: These are small, benign growths on the lining of the colon. Some polyps can develop into colon cancer over time, so they are often removed during a colonoscopy.

3. Inflammatory bowel disease (IBD): Colonoscopy can help diagnose IBD, such as Crohn's disease and ulcerative colitis, by showing areas of inflammation, ulcers, and other abnormalities in the colon.

4. Diverticulosis: Small, bulging pouches called diverticula may be present in the colon wall, which can sometimes lead to diverticulitis (inflammation of the diverticula).

5. Colon cancer: A colonoscopy can detect early-stage colon cancer by identifying abnormal growths, called tumors, and taking tissue samples (biopsies) for further examination.

6. Infectious colitis: A colonoscopy can help identify the cause of inflammation in the colon, such as infection with bacteria, viruses, or parasites.

7. Intestinal bleeding: A colonoscopy can help identify the source of bleeding in the digestive tract, such as from a polyp, ulcer, or inflam","A resposta do sistema de IA é tecnicamente correta e abrange uma ampla gama de condições que podem ser detectadas por meio de uma colonoscopia, incluindo pólipos, doença inflamatória intestinal, diverticulose, câncer de cólon, colite infecciosa e sangramento intestinal. Além disso, a resposta destaca a importância da colonoscopia na prevenção e detecção do câncer de cólon, bem como na avaliação de outros sintomas gastrointestinais. No entanto, a resposta não fornece detalhes sobre a preparação para o procedimento, os riscos potenciais e as complicações, o que é fundamental para uma abordagem completa. Além disso, a resposta não discute a frequência recomendada para a realização de colonoscopias ou as diretrizes específicas para diferentes grupos de idade ou fatores de risco. Portanto, a resposta é boa, mas poderia ser mais completa em termos de gestão a longo prazo e considerações práticas.",Acerto de Descrição,"O modelo forneceu uma descrição detalhada e tecnicamente correta da colonoscopia, abrangendo sua utilização na detecção de várias condições, incluindo câncer de cólon, e destacando sua importância na prevenção e detecção de doenças."
29,Llama-3,4,"Immunocompromisation can be caused by primary and secondary immunodeficiencies. Primary immunodeficiencies are rare genetic conditions where a part of the immune system is missing or not working properly. Examples include chronic granulomatous disease (CGD), common variable immunodeficiency (CVID), severe combined immunodeficiency (SCID), and selective IgA deficiency. Secondary immunodeficiencies are acquired throughout a person's life and can result from various causes. Chronic diseases like autoimmune diseases (systemic lupus erythematosus, rheumatoid arthritis), malignancies (leukemia, multiple myeloma), hepatic or renal insufficiency, and diabetes mellitus can impair immune system function. Medical treatments like corticosteroids, certain chemotherapies, treatments for organ transplantation rejection, and biological therapies can also cause immunodeficiencies. Infections like HIV, measles, herpes viruses, bacterial, mycobacterial, and parasitic infections can weaken the immune system. Malnutrition, burns, pregnancy, stress, asplenia, environmental radiation and toxin exposure, and old age have also been linked to a weakened immune system and increased infection risk.","Immunocompromise refers to a state of impaired immune function, making an individual more susceptible to infections, cancer, or autoimmune diseases. There are several factors that can cause immunocompromise, including:

1. Genetic disorders:
	* Primary immunodeficiency diseases, such as severe combined immunodeficiency (SCID), Bruton's agammaglobulinemia, and Wiskott-Aldrich syndrome.
	* Familial hyper-IgM syndrome, which is characterized by impaired antibody production.
2. Infections:
	* HIV/AIDS, which can lead to CD4+ T-cell depletion and impaired immune function.
	* Viral infections, such as herpes simplex, varicella-zoster, and Epstein-Barr virus, which can cause immunosuppression.
	* Bacterial infections, such as tuberculosis, which can lead to immunosuppression and increased susceptibility to opportunistic infections.
3. Cancer:
	* Lymphoma, which can cause immunosuppression and impaired immune function.
	* Leukemia, which can lead to immunosuppression and increased susceptibility to infections.
4. Medications:
	* Immunosuppressive medications, such as corticosteroids, azathioprine, and cyclophosphamide, which are used to treat autoimmune diseases, organ transplantation, and cancer.
	* Chemotherapy, which can cause immunosuppression and increased susceptibility to infections.
5. Organ transplantation:
	* Recipients of organ transplants, particularly those receiving immunosuppressive therapy, are at increased risk of infections and cancer.
6. Malnutrition:
	* Protein-energy malnutrition, which can impair immune function and increase susceptibility to infections.
7. Chronic diseases:
	* Diabetes, which can cause immunosuppression and increased susceptibility to infections.
	* Chronic kidney disease, which can lead to immunosuppression and increased susceptibility to infections.
8. Aging:
	* Immunosenescence, which is the","A resposta do sistema de IA é tecnicamente correta e abrange uma ampla gama de causas de imunocomprometimento, incluindo doenças genéticas, infecções, câncer, medicamentos, transplante de órgãos, desnutrição, doenças crônicas e envelhecimento. No entanto, falta uma menção explícita a algumas condições específicas, como a doença granulomatosa crônica (CGD), a imunodeficiência variável comum (CVID) e a deficiência seletiva de IgA, que são exemplos de imunodeficiências primárias. Além disso, a resposta não fornece detalhes sobre a gestão a longo prazo e a prevenção de complicações em indivíduos imunocomprometidos. A resposta está alinhada com as diretrizes clínicas internacionais, como as da AHA/SBC, e demonstra um bom raciocínio fisiopatológico.",Omissão de Detalhes Específicos,"O modelo acertou ao listar fatores que causam imunocomprometimento, mas falhou ao não mencionar explicitamente condições específicas como a doença granulomatosa crônica (CGD) e a imunodeficiência variável comum (CVID), que são exemplos importantes de doenças primárias que podem levar a esse estado."
29,Mistral,3,"Immunocompromisation can be caused by primary and secondary immunodeficiencies. Primary immunodeficiencies are rare genetic conditions where a part of the immune system is missing or not working properly. Examples include chronic granulomatous disease (CGD), common variable immunodeficiency (CVID), severe combined immunodeficiency (SCID), and selective IgA deficiency. Secondary immunodeficiencies are acquired throughout a person's life and can result from various causes. Chronic diseases like autoimmune diseases (systemic lupus erythematosus, rheumatoid arthritis), malignancies (leukemia, multiple myeloma), hepatic or renal insufficiency, and diabetes mellitus can impair immune system function. Medical treatments like corticosteroids, certain chemotherapies, treatments for organ transplantation rejection, and biological therapies can also cause immunodeficiencies. Infections like HIV, measles, herpes viruses, bacterial, mycobacterial, and parasitic infections can weaken the immune system. Malnutrition, burns, pregnancy, stress, asplenia, environmental radiation and toxin exposure, and old age have also been linked to a weakened immune system and increased infection risk."," Immunocompromise refers to a weakened immune system, making it harder for the body to fight off infections and diseases. Several factors can cause immunocompromise:

1. Genetic conditions: Some people are born with inherited disorders that affect their immune system, making them more susceptible to infections.

2. Medical conditions: Certain medical conditions, such as HIV/AIDS, diabetes, cancer, and autoimmune disorders, can weaken the immune system and make individuals more prone to infections.

3. Medications: Certain medications, such as chemotherapy drugs, corticosteroids, and immunosuppressants, can weaken the immune system and increase the risk of infections.

4. Malnutrition: A lack of essential nutrients can weaken the immune system and make individuals more susceptible to infections.

5. Old age: As people age, their immune systems naturally become less effective, making them more prone to infections.

6. Environmental factors: Exposure to toxins, pollutants, and other environmental factors can weaken the immune system and increase the risk of infections.

7. Stress: Chronic stress can weaken the immune system and make individuals more susceptible to infections.

8. Lack of sleep: A lack of adequate sleep can weaken the immune system and make individuals more prone to infections.

9. Smoking: Smoking can damage the immune system and make individuals more susceptible to infections.

10. Alcohol consumption: Excessive alcohol consumption can weaken the immune system and make individuals more susceptible to infections.","A resposta do sistema de IA é geralmente correta e aborda vários fatores que podem causar imunocomprometimento, incluindo condições genéticas, médicas, medicamentos, desnutrição, idade avançada, fatores ambientais, estresse, falta de sono, tabagismo e consumo excessivo de álcool. No entanto, falta uma menção explícita às deficiências imunológicas primárias e secundárias, como a doença granulomatosa crônica, imunodeficiência variável comum, imunodeficiência combinada grave e deficiência seletiva de IgA. Além disso, a resposta não menciona explicitamente a insuficiência hepática ou renal, a asplenia e a radiação ambiental como fatores que podem causar imunocomprometimento. A resposta também não fornece detalhes sobre o manejo a longo prazo e a prevenção de infecções em indivíduos imunocomprometidos.",Omissão de Detalhes Específicos,"O modelo acertou ao listar vários fatores que podem causar imunocomprometimento, mas falhou ao não mencionar explicitamente as deficiências imunológicas primárias e secundárias, como a doença granulomatosa crônica (CGD) e a imunodeficiência variável comum (CVID), que são exemplos importantes de condições genéticas que afetam o sistema imunológico."
29,Phi-3,3,"Immunocompromisation can be caused by primary and secondary immunodeficiencies. Primary immunodeficiencies are rare genetic conditions where a part of the immune system is missing or not working properly. Examples include chronic granulomatous disease (CGD), common variable immunodeficiency (CVID), severe combined immunodeficiency (SCID), and selective IgA deficiency. Secondary immunodeficiencies are acquired throughout a person's life and can result from various causes. Chronic diseases like autoimmune diseases (systemic lupus erythematosus, rheumatoid arthritis), malignancies (leukemia, multiple myeloma), hepatic or renal insufficiency, and diabetes mellitus can impair immune system function. Medical treatments like corticosteroids, certain chemotherapies, treatments for organ transplantation rejection, and biological therapies can also cause immunodeficiencies. Infections like HIV, measles, herpes viruses, bacterial, mycobacterial, and parasitic infections can weaken the immune system. Malnutrition, burns, pregnancy, stress, asplenia, environmental radiation and toxin exposure, and old age have also been linked to a weakened immune system and increased infection risk."," Immunocompromise, also known as immunodeficiency, can be caused by a variety of factors, including:

1. Genetic disorders: Some genetic conditions, such as severe combined immunodeficiency (SCID), common variable immunodeficiency (CVID), and DiGeorge syndrome, can result in a weakened immune system.

2. Infections: Certain viral infections, such as HIV/AIDS, can directly damage the immune system, leading to immunocompromise.

3. Medications: Some medications, such as corticosteroids, chemotherapy drugs, and immunosuppressive drugs used for organ transplantation, can suppress the immune system.

4. Age: As people age, their immune system naturally weakens, making them more susceptible to infections and illnesses.

5. Malnutrition: A lack of essential nutrients, such as vitamins, minerals, and proteins, can impair the immune system's ability to function properly.

6. Chronic diseases: Conditions such as diabetes, kidney disease, and liver disease can weaken the immune system over time.

7. Cancer: Certain types of cancer, such as leukemia and lymphoma, can directly affect the immune system.

8. Autoimmune diseases: Some autoimmune disorders, such as lupus and rheumatoid arthritis, can cause the immune system to attack the body's own tissues, leading to immunocompromise.

9. Environmental factors: Exposure to toxins, pollutants, and radiation can weaken the immune","A resposta do sistema de IA aborda a maioria dos principais fatores que causam imunocomprometimento, incluindo doenças genéticas, infecções, medicamentos, idade, desnutrição, doenças crônicas, câncer, doenças autoimunes e fatores ambientais. No entanto, falta uma menção explícita às deficiências imunológicas primárias e secundárias, como a doença granulomatosa crônica (CGD), a deficiência de IgA seletiva e a insuficiência hepática ou renal, que são importantes causas de imunocomprometimento. Além disso, a resposta não fornece detalhes sobre o manejo a longo prazo e a prevenção de infecções em indivíduos imunocomprometidos. Portanto, a resposta está alinhada com as diretrizes clínicas, mas carece de alguns detalhes importantes e de uma abordagem mais abrangente.",Omissão de Detalhes Específicos,"O modelo acertou ao mencionar doenças genéticas como fator de imunocomprometimento, mas falhou ao não especificar explicitamente as deficiências imunológicas primárias e secundárias, como a doença granulomatosa crônica (CGD) e a deficiência de IgA."
30,Llama-3,4,"Keratosis pilaris is a skin condition among young adults, where small bumps of excess keratin develop on your skin, usually on your arms and legs. It is often seen in association with other skin conditions such as atopic dermatitis and ichthyosis vulgaris. This condition is painless, but the skin around it might be itchy, dry, rough or discolored, and it may make you feel self-conscious or insecure about your appearance. Keratosis pilaris typically doesn’t require treatment, and usually fades by age 30. Possible treatments are aimed at preventing excessive skin dryness, including using mild soaps or soap-free cleansers and avoiding hot baths or showers. Treatments include applying on the affected areas an over the counter moisturizer, preferably with ammonium lactate (AmLactin) or with alpha hydroxyl acids (CeraVe), or using topical retinoids such as Tretinoin (Retin-A, Altreno), Adapalene (Differin) and Tazarotene (Arazlo,Tazorac). Possible treatment for refractory condition include systemic retinoids, laser therapy, or other ablative procedures.","Keratosis pilaris (KP) is a common, harmless skin condition characterized by the appearance of small, rough, sandpapery patches or bumps on the skin. It is caused by the buildup of keratin, a protein that protects the skin, in the hair follicles.

KP typically affects the arms, legs, buttocks, and cheeks, and is more common in people with dry skin, eczema, or atopic dermatitis. It is often seen in children and adolescents, but can also occur in adults.

The symptoms of KP include:

1. Small, rough, sandpapery patches or bumps on the skin
2. Dry, rough, or scaly skin
3. Itching or tingling sensation on the affected areas
4. Redness or inflammation around the affected areas

The exact cause of KP is not fully understood, but it is thought to be related to:

1. Genetic predisposition: KP tends to run in families, suggesting a possible genetic component.
2. Dry skin: KP is more common in people with dry skin, which can lead to the buildup of keratin in the hair follicles.
3. Hormonal changes: Hormonal fluctuations during puberty, pregnancy, or menopause can trigger KP.
4. Environmental factors: Exposure to cold weather, dry air, or harsh soaps can exacerbate KP.

There is no cure for KP, but there are several treatment options available to manage its symptoms:

1. Moisturizers: Keeping the skin hydrated with gentle, non-comedogenic moisturizers can help reduce the appearance of KP.
2. Exfoliants: Gently exfoliating the skin with alpha-hydroxy acids (AHAs) or beta-hydroxy acids (BHAs) can help remove dead skin cells and reduce the appearance of KP.
3. Topical creams: Over-the-counter (OTC) creams containing urea, hyaluronic acid, or salicylic acid","A resposta do sistema de IA é tecnicamente correta e aborda a maioria dos aspectos importantes da ceratose pilar, incluindo sua definição, sintomas, causas e opções de tratamento. No entanto, falta uma menção explícita à idade típica de resolução da condição, que é por volta dos 30 anos, como destacado no padrão ouro. Além disso, a resposta do sistema de IA não menciona explicitamente a utilização de retinoides tópicos, como o tretinoína, adapaleno e tazaroteno, que são tratamentos comuns para a ceratose pilar. A resposta também não aborda a possibilidade de tratamentos sistêmicos para casos refratários. No entanto, a resposta fornece uma visão geral clara e útil da condição, incluindo suas causas e opções de tratamento, o que a torna uma resposta útil, mas não perfeita.",Acerto de Definição,"O modelo acertou ao definir a ceratose pilar como uma condição de pele caracterizada por pequenas protuberâncias ásperas, mas falhou ao não mencionar explicitamente a idade típica de resolução da condição e a utilização de tratamentos específicos."
30,Mistral,3,"Keratosis pilaris is a skin condition among young adults, where small bumps of excess keratin develop on your skin, usually on your arms and legs. It is often seen in association with other skin conditions such as atopic dermatitis and ichthyosis vulgaris. This condition is painless, but the skin around it might be itchy, dry, rough or discolored, and it may make you feel self-conscious or insecure about your appearance. Keratosis pilaris typically doesn’t require treatment, and usually fades by age 30. Possible treatments are aimed at preventing excessive skin dryness, including using mild soaps or soap-free cleansers and avoiding hot baths or showers. Treatments include applying on the affected areas an over the counter moisturizer, preferably with ammonium lactate (AmLactin) or with alpha hydroxyl acids (CeraVe), or using topical retinoids such as Tretinoin (Retin-A, Altreno), Adapalene (Differin) and Tazarotene (Arazlo,Tazorac). Possible treatment for refractory condition include systemic retinoids, laser therapy, or other ablative procedures."," Keratosis Pilaris (KP) is a common skin condition that causes small, rough bumps to appear on the skin. These bumps typically form on the upper arms, thighs, buttocks, and sometimes the face. The bumps are caused by a buildup of keratin, a protein that helps protect and strengthen the skin, within the hair follicles.

The exact cause of Keratosis Pilaris is not known, but it is believed to be related to genetics and can be more common in people with dry or sensitive skin. It is not contagious and is not a sign of poor hygiene.

Keratosis Pilaris can be cosmetically bothersome for some people, but it is generally harmless and does not cause any discomfort or pain. There are various treatments that can help improve the appearance of the skin, including moisturizing regularly, using gentle exfoliants, and prescription topical treatments. However, there is no cure for Keratosis Pilaris and the bumps may come and go throughout a person's life.","A resposta do sistema de IA é tecnicamente correta, pois descreve a condição de Keratose Pilaris de forma geralmente precisa, incluindo a formação de pequenas protuberâncias rugosas na pele devido ao acúmulo de queratina nos folículos pilosos. No entanto, a resposta omite detalhes importantes sobre a condição, como a associação com outras condições de pele, como dermatite atópica e icbose vulgar, e não fornece informações específicas sobre as opções de tratamento, como o uso de lactato de amônio ou ácidos hidroxilados alfa. Além disso, a resposta não menciona a faixa etária típica afetada ou a possibilidade de remissão espontânea com o tempo. Portanto, a resposta está alinhada com o padrão ouro, mas carece de detalhes importantes para uma abordagem completa da condição.",Omissão de Detalhes Clínicos,"O modelo descreveu a condição de Keratose Pilaris de forma geralmente precisa, mas falhou ao não mencionar a associação com outras condições de pele, como dermatite atópica e icbose vulgar."
30,Phi-3,3,"Keratosis pilaris is a skin condition among young adults, where small bumps of excess keratin develop on your skin, usually on your arms and legs. It is often seen in association with other skin conditions such as atopic dermatitis and ichthyosis vulgaris. This condition is painless, but the skin around it might be itchy, dry, rough or discolored, and it may make you feel self-conscious or insecure about your appearance. Keratosis pilaris typically doesn’t require treatment, and usually fades by age 30. Possible treatments are aimed at preventing excessive skin dryness, including using mild soaps or soap-free cleansers and avoiding hot baths or showers. Treatments include applying on the affected areas an over the counter moisturizer, preferably with ammonium lactate (AmLactin) or with alpha hydroxyl acids (CeraVe), or using topical retinoids such as Tretinoin (Retin-A, Altreno), Adapalene (Differin) and Tazarotene (Arazlo,Tazorac). Possible treatment for refractory condition include systemic retinoids, laser therapy, or other ablative procedures."," Keratosis Pilaris is a common, harmless skin condition that causes small, hard bumps on the skin. These bumps are often light-colored and appear on the upper arms, thighs, cheeks, or buttocks. They are caused by a buildup of keratin, a protein that protects the skin from harmful substances and infections.

The condition is not contagious, and it is not a sign of any underlying health issue. However, it can cause cosmetic concerns for some people.

Keratosis Pilaris is typically diagnosed based on the appearance of the skin. There is no specific test required to confirm the diagnosis.

Treatment for Keratosis Pilaris aims to improve the appearance of the skin and may include:

1. Moisturizing: Regular use of moisturizers can help to soften the keratin buildup and reduce the appearance of the bumps.

2. Exfoliation: Using a gentle exfoliating scrub or a loofah can help to remove dead skin cells and reduce the appearance of the bumps.

3. Topical creams: Over-the-counter creams containing ingredients like lactic acid, urea, or salicylic acid may help to improve the appearance of the skin.

4. Laser therapy: In some cases, laser therapy may be used to reduce the appearance of the bumps, although this treatment can be expensive and may require multiple sessions.

5. Diet and lifestyle: While there is no direct link between diet and Keratosis Pilaris, maintaining a healthy lifestyle and avoiding excessive sun exposure may help to improve the appearance of the skin.

It is essential to consult a dermatologist","A resposta do sistema de IA é geralmente correta, descrevendo a ceratose pilar como uma condição de pele comum e inofensiva que causa pequenas protuberâncias duras na pele, causadas por um acúmulo de queratina. A descrição da condição e de suas características é precisa, incluindo a localização comum das protuberâncias e a falta de contagiosidade. Além disso, a resposta aborda o diagnóstico baseado na aparência da pele e apresenta opções de tratamento que visam melhorar a aparência da pele, como hidratação, exfoliação, cremes tópicos e terapia a laser. No entanto, a resposta não menciona explicitamente a idade típica em que a condição tende a desaparecer (por volta dos 30 anos) e não fornece detalhes sobre a associação com outras condições de pele, como dermatite atópica e icbose vulgar. Além disso, a resposta não especifica os ingredientes ativos recomendados para os cremes tópicos, como o lactato de amônio (AmLactin) ou os ácidos hidroxilados (CeraVe), que são mencionados no padrão ouro.",Acerto de Descrição,"O modelo descreveu corretamente a ceratose pilar como uma condição de pele comum e inofensiva, mencionando a formação de pequenas protuberâncias duras causadas por um acúmulo de queratina, e forneceu informações precisas sobre a localização e características da condição."
31,Llama-3,3,"Cluster headache is a type of chronic and severe headache that is not life-threatening. It typically affects one side of the head, usually in or around the eye area, and is commonly described as a stabbing or sharp pain. Other symptoms that may be experienced on the affected side include tearing, redness of the eye, a stuffy or runny nose, sweating, and drooping eyelid. Cluster headache is characterized by frequent attacks of pain that can last from weeks to months, followed by a period of remission. Fortunately, there are effective treatments available that can help make cluster headache attacks shorter, less frequent, and less severe.","A cluster headache is a type of primary headache disorder characterized by recurring, severe, and debilitating headaches that occur in clusters or cycles. It is a rare and complex condition that affects approximately 0.1% of the general population.

Clinical Features:

Cluster headaches typically present with the following characteristics:

1. Recurring episodes: Cluster headaches occur in clusters or cycles, with periods of frequent attacks (active periods) followed by periods of remission (dormant periods).
2. Severe pain: The pain is typically severe, excruciating, and one-sided, often described as a piercing or stabbing sensation.
3. Location: The pain is usually located on one side of the head, often in the temple, eye, or forehead region.
4. Duration: Attacks typically last between 15 minutes to 3 hours, with some lasting up to 24 hours.
5. Autonomic symptoms: Cluster headaches are often accompanied by autonomic symptoms, such as:
	* Conjunctival injection (redness of the eye)
	* Nasal congestion
	* Rhinorrhea (runny nose)
	* Lacrimation (tearing)
	* Pupillary dilation
	* Sweating
	* Horner's syndrome (a combination of miosis, ptosis, and anhidrosis)
6. Trigger factors: Triggers for cluster headaches are not well understood, but they may include:
	* Hormonal changes
	* Sleep patterns
	* Stress
	* Environmental factors (e.g., changes in weather, altitude)

Pathophysiology:

The exact pathophysiology of cluster headaches is still unclear, but it is thought to involve a complex interplay between neurotransmitters, blood vessels, and the trigeminal nerve. Some theories suggest that cluster headaches may be related to:

1. Activation of the trigeminal nerve
2. Release of calcitonin gene-related peptide (CGRP)
3. Vasodilation and inflammation in the trigem","A resposta do sistema de IA é tecnicamente correta e fornece uma descrição detalhada das características clínicas e da fisiopatologia da cefaleia em cluster. No entanto, omite a menção explícita de que a cefaleia em cluster não é uma condição life-threatening, o que é um aspecto importante para tranquilizar os pacientes. Além disso, a resposta não fornece informações sobre o tratamento disponível e como ele pode ajudar a reduzir a frequência e a gravidade dos ataques. Portanto, a resposta está alinhada com a conduta padrão, mas carece de detalhes importantes sobre o manejo a longo prazo e o tratamento.",Omissão de Informações Cruciais,"O modelo acertou a descrição da cefaleia em cluster, mas falhou ao não mencionar explicitamente que a condição não é life-threatening e não forneceu informações sobre o tratamento disponível, o que são aspectos importantes para a compreensão completa e tranquilização do paciente."
31,Mistral,3,"Cluster headache is a type of chronic and severe headache that is not life-threatening. It typically affects one side of the head, usually in or around the eye area, and is commonly described as a stabbing or sharp pain. Other symptoms that may be experienced on the affected side include tearing, redness of the eye, a stuffy or runny nose, sweating, and drooping eyelid. Cluster headache is characterized by frequent attacks of pain that can last from weeks to months, followed by a period of remission. Fortunately, there are effective treatments available that can help make cluster headache attacks shorter, less frequent, and less severe."," A cluster headache is a type of primary headache disorder, meaning it is not caused by any underlying medical condition. It is characterized by recurring bouts of severe, one-sided headaches that can last from 15 minutes to 3 hours, with symptoms that can include tearing of the eye on the affected side, nasal congestion, and sweating. The pain is often described as sharp, burning, or throbbing, and can be so intense that some people have described it as feeling like an ice pick being jabbed into their eye. Cluster headaches typically occur in clusters, with multiple attacks occurring over several days or weeks, followed by a remission period that can last months or even years. The exact cause of cluster headaches is not known, but they are thought to be related to abnormalities in the trigeminal nerve, which is responsible for sensations in the face and head. Treatment options include medications to prevent or abort attacks, as well as lifestyle modifications such as avoiding triggers and maintaining a regular sleep schedule.","A resposta do sistema de IA é tecnicamente correta e fornece uma descrição detalhada da cefaleia em cluster, incluindo sua definição, sintomas, duração e tratamento. No entanto, falta uma menção explícita de que a cefaleia em cluster não é uma condição life-threatening, o que é um aspecto importante para tranquilizar os pacientes. Além disso, a resposta não aborda explicitamente a importância da prevenção de ataques e do manejo a longo prazo, apenas mencionando opções de tratamento. Portanto, a resposta está alinhada com as diretrizes clínicas, mas carece de alguns detalhes importantes para uma abordagem completa.",Omissão de Informação Relevante,"O modelo forneceu uma descrição detalhada da cefaleia em cluster, mas falhou ao não mencionar explicitamente que a condição não é life-threatening, o que é um aspecto crucial para tranquilizar os pacientes."
31,Phi-3,4,"Cluster headache is a type of chronic and severe headache that is not life-threatening. It typically affects one side of the head, usually in or around the eye area, and is commonly described as a stabbing or sharp pain. Other symptoms that may be experienced on the affected side include tearing, redness of the eye, a stuffy or runny nose, sweating, and drooping eyelid. Cluster headache is characterized by frequent attacks of pain that can last from weeks to months, followed by a period of remission. Fortunately, there are effective treatments available that can help make cluster headache attacks shorter, less frequent, and less severe."," A cluster headache is a rare and severe type of headache that is characterized by its unique pattern and intensity. It is one of the primary types of headaches classified under the category of trigeminal autonomic cephalalgias. Here are the key features and characteristics of cluster headaches:

1. Unilateral pain: Cluster headaches typically affect one side of the head, often around the eye, temple, or forehead. The pain is usually described as sharp, piercing, or burning.

2. Intensity: Cluster headaches are known for their extreme intensity, often described as one of the most painful conditions known to humans. The pain can be so severe that it can cause significant distress and disability.

3. Duration: Cluster headaches typically last between 15 minutes to 3 hours, and they can occur multiple times a day during a cluster period. These periods can last for weeks, months, or even years, separated by remission periods when the headaches do not occur.

4. Frequency: During a cluster period, headaches may occur every day or several times a day, with a frequency of 1-2 headaches per day.

5. Autonomic symptoms: Cluster headaches are often accompanied by autonomic symptoms, such as:
   - Red, teary, or swollen eye on the affected side
   - Nasal congestion or runny nose on the affected side
   - Drooping eyelid (ptosis) on the affected side
   - Sweating, flushing, or a feeling of warmth on the affected side

6. Triggers: Several factors can trigger cluster headaches, including:
   - Alcohol consumption
   - Stress
   - Smoking
   - Exposure to certain environmental","A resposta do sistema de IA é tecnicamente correta e abrange os principais aspectos dos headaches em cluster, incluindo a dor unilateral, intensidade, duração, frequência e sintomas autonômicos. Além disso, a resposta menciona os gatilhos possíveis para esses headaches. No entanto, falta uma menção explícita sobre a não letalidade da condição e a disponibilidade de tratamentos eficazes, o que é um aspecto importante para o paciente. Além disso, a resposta não apresenta uma abordagem longitudinal para o manejo da condição, o que é fundamental para o tratamento a longo prazo.",Omissão de Informação Importante,"O modelo acertou ao descrever as características técnicas dos headaches em cluster, mas falhou ao não mencionar explicitamente a não letalidade da condição e a disponibilidade de tratamentos eficazes, o que é um aspecto crucial para o paciente entender a gravidade e as opções de tratamento."
32,Llama-3,3,"Muscular pain can be relieved through various treatments. Non-pharmacological treatments like muscle massage, rest, gentle stretching, and heat therapy can be helpful. Pharmacological treatments, such as pain relievers like Acetaminophen (Tylenol) and Ibuprofen (Advil, Motrin), and muscle relaxants like Chlorzoxazone (Lorzone), Carisoprodol (Soma), and Metaxalone (Skelaxin) can also alleviate pain. Topical creams or gels containing Methyl salicylate Menthol (Icy Hot) and Trolamine salicylate (Aspercreme) can also ease muscle soreness. It's important to seek medical attention if you experience severe pain, muscle weakness, numbness, tingling, or high fever or if the pain lasts for more than a week.","Muscular pain, also known as myalgia, can be caused by a variety of factors, including overuse, injury, or underlying medical conditions. Here are some evidence-based treatments that may help alleviate muscular pain:

1. Topical creams and ointments:
	* Topical capsaicin cream: Capsaicin, the active ingredient in chili peppers, can help reduce pain by blocking the production of a chemical called substance P, which transmits pain signals to the brain. Studies have shown that topical capsaicin cream can be effective in reducing muscular pain.
	* Topical lidocaine cream: Lidocaine is a local anesthetic that can help numb the affected area, reducing pain and discomfort.
	* Topical arnica gel: Arnica is a natural ingredient that has anti-inflammatory and pain-relieving properties. Studies have shown that topical arnica gel can be effective in reducing muscular pain and inflammation.
2. Oral medications:
	* Over-the-counter (OTC) pain relievers: Nonsteroidal anti-inflammatory drugs (NSAIDs) such as ibuprofen (Advil, Motrin) and acetaminophen (Tylenol) can help reduce pain and inflammation.
	* Prescription pain relievers: For more severe pain, prescription medications such as cyclobenzaprine (Flexeril) and carisoprodol (Soma) may be prescribed.
3. Physical therapy:
	* Stretching and exercise: Gentle stretching and exercise can help reduce muscle tension and alleviate pain.
	* Massage therapy: Massage can help reduce muscle spasms and improve blood flow to the affected area.
4. Alternative therapies:
	* Acupuncture: This ancient Chinese practice involves inserting thin needles into specific points on the body to stimulate healing and reduce pain.
	* Chiropractic care: Chiropractors use spinal manipulation and other techniques to help reduce muscle tension and alleviate pain.
5. Lifestyle modifications:
	* Rest and","A resposta do sistema de IA é ampla e aborda várias opções de tratamento para a dor muscular, incluindo cremes tópicos, medicamentos orais, terapia física, terapias alternativas e modificações no estilo de vida. No entanto, falta uma menção clara sobre a importância de buscar atenção médica em casos de dor severa, fraqueza muscular, formigamento, dormência ou febre alta, ou se a dor persistir por mais de uma semana. Além disso, a resposta não menciona explicitamente a necessidade de um diagnóstico preciso para determinar a causa subjacente da dor muscular, o que é fundamental para um tratamento eficaz. A resposta também não fornece detalhes sobre a dosagem e a duração do tratamento com medicamentos, o que é essencial para evitar efeitos colaterais e garantir a segurança do paciente. Portanto, a resposta está alinhada com as diretrizes clínicas, mas carece de alguns detalhes importantes para uma abordagem completa e segura.",Omissão de Orientação Médica,"O modelo apresentou uma resposta ampla sobre tratamentos para dor muscular, incluindo várias opções, mas falhou ao não enfatizar a importância de buscar atenção médica em casos de sintomas graves ou persistentes."
32,Mistral,3,"Muscular pain can be relieved through various treatments. Non-pharmacological treatments like muscle massage, rest, gentle stretching, and heat therapy can be helpful. Pharmacological treatments, such as pain relievers like Acetaminophen (Tylenol) and Ibuprofen (Advil, Motrin), and muscle relaxants like Chlorzoxazone (Lorzone), Carisoprodol (Soma), and Metaxalone (Skelaxin) can also alleviate pain. Topical creams or gels containing Methyl salicylate Menthol (Icy Hot) and Trolamine salicylate (Aspercreme) can also ease muscle soreness. It's important to seek medical attention if you experience severe pain, muscle weakness, numbness, tingling, or high fever or if the pain lasts for more than a week."," I'm an AI language model and not a doctor, but I can suggest some common methods that people use to alleviate muscular pain. However, it's important to note that everyone's body is different, and what works for one person may not work for another. Here are some general suggestions:

1. Rest: Give your muscles time to heal by avoiding activities that aggravate the pain.
2. Ice: Applying ice to the affected area can help reduce inflammation and numb the pain.
3. Heat: Heat can increase blood flow and help relax muscles, which can provide relief.
4. Massage: Gentle massage can help improve circulation and reduce muscle tension.
5. Stretching: Stretching can help improve flexibility and reduce muscle stiffness.
6. Over-the-counter pain relievers: Non-prescription pain relievers like acetaminophen or nonsteroidal anti-inflammatory drugs (NSAIDs) can help reduce pain and inflammation.
7. Hydration: Staying hydrated can help keep your muscles healthy and reduce the risk of injury.
8. Proper nutrition: Eating a balanced diet can help support muscle health and reduce the risk of injury.
9. Physical therapy: If your muscular pain is persistent or severe, you may want to consider seeing a physical therapist for professional treatment and guidance.

It's always a good idea to consult with a healthcare professional if you're experiencing persistent or severe muscular pain, as they can provide a proper diagnosis and recommend the best course of treatment for your specific situation.","A resposta do sistema de IA é tecnicamente correta e aborda várias opções de tratamento para dor muscular, incluindo métodos não farmacológicos como repouso, aplicação de gelo e calor, massagem, alongamento e hidratação, além de mencionar medicamentos de venda livre como acetaminofeno e anti-inflamatórios não esteroides (AINEs). Além disso, destaca a importância de consultar um profissional de saúde em casos de dor persistente ou severa. No entanto, falta uma menção explícita a relaxantes musculares e cremes tópicos, que são opções de tratamento reconhecidas. Além disso, a resposta não fornece detalhes sobre a gestão a longo prazo da dor muscular, como a prevenção de lesões e a manutenção da saúde muscular.",Acerto de Abordagem,"O modelo apresentou uma resposta tecnicamente correta, abordando várias opções de tratamento para dor muscular, incluindo métodos não farmacológicos e farmacológicos, e destacou a importância de consultar um profissional de saúde."
32,Phi-3,3,"Muscular pain can be relieved through various treatments. Non-pharmacological treatments like muscle massage, rest, gentle stretching, and heat therapy can be helpful. Pharmacological treatments, such as pain relievers like Acetaminophen (Tylenol) and Ibuprofen (Advil, Motrin), and muscle relaxants like Chlorzoxazone (Lorzone), Carisoprodol (Soma), and Metaxalone (Skelaxin) can also alleviate pain. Topical creams or gels containing Methyl salicylate Menthol (Icy Hot) and Trolamine salicylate (Aspercreme) can also ease muscle soreness. It's important to seek medical attention if you experience severe pain, muscle weakness, numbness, tingling, or high fever or if the pain lasts for more than a week."," For muscular pain, it's essential to approach it with a combination of rest, hydration, and gentle stretching or exercise. Here are some effective methods to alleviate muscular pain:

1. Rest: Allow your muscles to recover by taking a break from activities that may have caused the pain.

2. Hydration: Drink plenty of water to help flush out toxins and promote muscle recovery.

3. Ice and heat: Apply ice packs to the affected area for 15-20 minutes every few hours for the first 48 hours to reduce inflammation. After that, use a warm compress or take a warm bath to promote blood flow and relaxation.

4. Over-the-counter pain relievers: Nonsteroidal anti-inflammatory drugs (NSAIDs) like ibuprofen or naproxen can help reduce pain and inflammation.

5. Gentle stretching: Perform gentle stretches to help improve flexibility and reduce muscle tension.

6. Massage: A light massage can help alleviate muscle pain and improve blood flow.

7. Foam rolling: Use a foam roller to perform self-myofascial release, which can help reduce muscle tightness and improve mobility.

8. Proper nutrition: Consume a balanced diet rich in protein, vitamins, and minerals to support muscle repair and recovery.

9. Strength training: Engage in low-impact strength training exercises to help build muscle strength and prevent future muscle pain.

10. Yoga and Pilates: These practices can help improve flexibility, balance, and core strength, which can help prevent muscle pain.

If your","A resposta do sistema de IA é ampla e aborda várias abordagens não farmacológicas para aliviar a dor muscular, incluindo repouso, hidratação, alongamento suave, aplicação de calor e frio, massagem, rolagem de espuma, nutrição adequada, treinamento de força e práticas como yoga e Pilates. Além disso, menciona o uso de anti-inflamatórios não esteroides (AINEs) como ibuprofeno para reduzir a dor e a inflamação. No entanto, falta uma menção clara sobre quando buscar atenção médica em casos de dor muscular severa, fraqueza muscular, formigamento, dor que dura mais de uma semana ou outros sintomas que possam indicar uma condição mais grave. Além disso, não há uma discussão detalhada sobre outros medicamentos, como relaxantes musculares ou cremes tópicos, que também podem ser úteis no alívio da dor muscular. Portanto, a resposta é correta em muitos aspectos, mas carece de alguns detalhes importantes para uma abordagem completa.",Omissão de Detalhes Específicos,"O modelo apresentou uma resposta ampla sobre alívio de dor muscular, abordando várias técnicas não farmacológicas e mencionando o uso de AINEs, mas falhou ao não especificar detalhes como a dosagem de medicamentos ou a importância de consultar um profissional de saúde antes de iniciar qualquer tratamento."
33,Llama-3,4,"Valacyclovir (Valtrex) and acyclovir (Zovirax, Sitavig) are both antiviral drugs prescribed to treat the infections caused by herpes simplex virus, and varicella-zoster virus, which include cold sores, genital herpes, chicken pox, and shingles. Acyclovir is also used to treat herpes in neonates and herpes simplex encephalitis. Molecularly speaking, Valacyclovir is a prodrug of acyclovir, which is converted into acyclovir in the body. Among other differences is that Valacyclovir is only available as oral tablets, whereas acyclovir is available as oral tablets, oral capsules, sublingual tablets, oral suspensions, creams, and injectable solutions. In addition, Valacyclovir has a longer duration of action and greater bioavailability compared to acyclovir. Therefore, an advantage of prescribing Valacyclovir is that it can be taken fewer times in a day compared to acyclovir and still has the same effect.","Valtrex (valacyclovir) and Acyclovir are both antiviral medications used to treat herpes simplex virus (HSV) infections, including cold sores, genital herpes, and shingles. While they share some similarities, there are key differences between the two medications.

Similarities:

1. Mechanism of action: Both Valtrex and Acyclovir work by inhibiting the replication of HSV, thereby reducing the severity and duration of symptoms.
2. Antiviral activity: Both medications have antiviral activity against HSV-1 and HSV-2, the viruses that cause cold sores and genital herpes.

Differences:

1. Prodrug: Valtrex is a prodrug, meaning it is converted into acyclovir in the body. Acyclovir, on the other hand, is an active compound that does not require conversion.
2. Bioavailability: Valtrex has a higher bioavailability than Acyclovir, meaning it is absorbed more efficiently into the bloodstream. This results in higher concentrations of acyclovir in the blood and potentially more effective treatment.
3. Dosing: Valtrex is available in a single daily dose, whereas Acyclovir is typically dosed three to five times a day.
4. Duration of action: Valtrex has a longer duration of action than Acyclovir, with a half-life of 2.5-3.5 hours compared to Acyclovir's half-life of 1-2 hours.
5. Side effects: Valtrex is generally better tolerated than Acyclovir, with fewer reports of gastrointestinal side effects such as nausea, vomiting, and diarrhea.
6. Indications: Valtrex is approved for the treatment of genital herpes, cold sores, and shingles, while Acyclovir is primarily used for the treatment of cold sores and genital herpes.
7. Resistance: Valtrex has been shown to be effective","A resposta do sistema de IA é tecnicamente correta e aborda as principais diferenças entre Valtrex (valacicolvir) e Aciclovir, incluindo o mecanismo de ação, bio disponibilidade, dosagem e duração de ação. No entanto, falta uma menção explícita sobre a disponibilidade de formas farmacêuticas de Aciclovir, como cremes, suspensões orais e soluções injetáveis, o que é um ponto importante na escolha do tratamento. Além disso, a resposta não menciona o uso de Aciclovir no tratamento de herpes em neonatos e herpes simplex encefalite, o que é uma indicação importante. No entanto, a resposta é clara e bem estruturada, e as diferenças entre os dois medicamentos são bem explicadas.",Omissão de Detalhes Farmacêuticos,"O modelo acertou ao destacar as principais diferenças entre Valtrex e Aciclovir, mas falhou ao não mencionar explicitamente as diversas formas farmacêuticas disponíveis para Aciclovir, como cremes, suspensões orais e soluções injetáveis, que são importantes para a escolha do tratamento."
33,Mistral,4,"Valacyclovir (Valtrex) and acyclovir (Zovirax, Sitavig) are both antiviral drugs prescribed to treat the infections caused by herpes simplex virus, and varicella-zoster virus, which include cold sores, genital herpes, chicken pox, and shingles. Acyclovir is also used to treat herpes in neonates and herpes simplex encephalitis. Molecularly speaking, Valacyclovir is a prodrug of acyclovir, which is converted into acyclovir in the body. Among other differences is that Valacyclovir is only available as oral tablets, whereas acyclovir is available as oral tablets, oral capsules, sublingual tablets, oral suspensions, creams, and injectable solutions. In addition, Valacyclovir has a longer duration of action and greater bioavailability compared to acyclovir. Therefore, an advantage of prescribing Valacyclovir is that it can be taken fewer times in a day compared to acyclovir and still has the same effect."," Valtrex and Acyclovir are both antiviral medications used to treat infections caused by certain viruses, most notably herpes simplex virus (HSV) and varicella-zoster virus (VZV), which cause herpes and chickenpox, respectively. The main difference between the two drugs is their formulation and dosing.

Acyclovir is available in various forms, including oral tablets, oral suspension, intravenous (IV) infusion, and topical cream. It is typically dosed several times a day, depending on the specific infection and the patient's condition.

Valtrex, on the other hand, is a prodrug of acyclovir, meaning it is converted into acyclovir in the body. Valtrex is available as oral tablets and is typically dosed less frequently than acyclovir, usually twice a day. The advantage of Valtrex is its longer dosing interval, which makes it more convenient for patients to take.

Both drugs have similar efficacy against HSV and VZV infections, but Valtrex may have some advantages in certain situations, such as reducing the frequency and severity of recurrent herpes outbreaks and potentially shortening the duration of chickenpox.

It is important to note that both medications should be used under the guidance of a healthcare professional, as they are prescribed for specific indications and dosages based on individual patient needs. If you have any questions or concerns about these medications, you should speak with your healthcare provider.","A resposta do sistema de IA é tecnicamente correta e fornece uma boa visão geral das diferenças entre Valtrex e Acyclovir. Ela destaca a formulação e a dosagem como as principais diferenças entre os dois medicamentos, o que está alinhado com as diretrizes clínicas estabelecidas. Além disso, a resposta menciona a relação de prodroga entre Valacyclovir e Acyclovir, bem como as vantagens de Valtrex em termos de intervalo de dosagem e potencial redução da frequência e gravidade de surtos de herpes recorrente. No entanto, a resposta não fornece uma explicação detalhada sobre a bioavailability e a duração de ação de cada medicamento, o que é um aspecto importante na compreensão de suas diferenças. Além disso, a resposta não menciona explicitamente a utilização de Acyclovir no tratamento de herpes em neonatos e herpes simplex encefalite, o que é uma indicação importante para este medicamento.",Acerto de Conceito,"A resposta do modelo forneceu uma visão geral correta das diferenças entre Valtrex e Acyclovir, destacando a formulação e a dosagem como principais diferenças, alinhada com as diretrizes clínicas estabelecidas."
33,Phi-3,4,"Valacyclovir (Valtrex) and acyclovir (Zovirax, Sitavig) are both antiviral drugs prescribed to treat the infections caused by herpes simplex virus, and varicella-zoster virus, which include cold sores, genital herpes, chicken pox, and shingles. Acyclovir is also used to treat herpes in neonates and herpes simplex encephalitis. Molecularly speaking, Valacyclovir is a prodrug of acyclovir, which is converted into acyclovir in the body. Among other differences is that Valacyclovir is only available as oral tablets, whereas acyclovir is available as oral tablets, oral capsules, sublingual tablets, oral suspensions, creams, and injectable solutions. In addition, Valacyclovir has a longer duration of action and greater bioavailability compared to acyclovir. Therefore, an advantage of prescribing Valacyclovir is that it can be taken fewer times in a day compared to acyclovir and still has the same effect."," Valacyclovir (Valtrex) and Acyclovir are both antiviral medications used to treat infections caused by certain types of viruses, particularly herpes simplex virus (HSV) and varicella-zoster virus (VZV), which causes chickenpox and shingles. However, there are some key differences between the two:

1. Formulation: Valacyclovir is a prodrug, which means it is converted into acyclovir in the body. Acyclovir, on the other hand, is an active drug that is directly administered.

2. Absorption and bioavailability: Valacyclovir has better oral bioavailability than acyclovir, meaning it is more efficiently absorbed and utilized by the body. Valacyclovir has an oral bioavailability of around 54-76%, while acyclovir has an oral bioavailability of around 10-30%.

3. Dosage and administration: Due to its better bioavailability, valacyclovir can be taken less frequently than acyclovir. Valacyclovir is typically taken once daily, while acyclovir is usually taken 5 times a day.

4. Side effects: Both medications have similar side effects, including nausea, headache, and diarrhea. However, valacyclovir may cause more frequent side effects such as dizziness, drowsiness, and kidney problems in patients with pre-existing kidney disease.

5. Cost: Valacyclovir is generally more expensive than acyclovir.

In summary, Valacyclovir and Acyclovir are both effective antiviral medications, but Valacyclovir has better oral bioavailability,","A resposta do sistema de IA é tecnicamente correta e aborda as principais diferenças entre Valacyclovir (Valtrex) e Acyclovir, incluindo a formulação, absorção e biodisponibilidade, posologia e administração, efeitos colaterais e custo. No entanto, falta uma menção explícita ao uso de Acyclovir no tratamento de herpes em neonatos e herpes simplex encefalite, o que é uma indicação importante. Além disso, a resposta não fornece detalhes sobre o manejo a longo prazo e as considerações específicas para pacientes com doenças renais pré-existentes. A resposta está alinhada com as diretrizes clínicas padrão, mas carece de alguns detalhes importantes para uma avaliação completa.",Omissão de Indicação Específica,"O modelo acertou ao descrever as principais diferenças entre Valacyclovir (Valtrex) e Acyclovir, mas falhou ao não mencionar explicitamente o uso de Acyclovir no tratamento de herpes em neonatos e herpes simplex encefalite, o que é uma indicação importante."
34,Llama-3,2,"Vertigo is a symptom of an illusory movement that some people may describe as dizziness. If you are experiencing vertigo, it is essential to determine the type and cause of your symptoms. You can consult with your general physician, who will evaluate your symptoms and perform a physical examination. If necessary, they may refer you to an otolaryngologist or a neurologist for further testing and treatment. It is crucial to seek immediate medical attention if you experience vertigo or dizziness with any of the following symptoms: constant dizziness that doesn't go away and isn't related to head movement, difficulty speaking or understanding others speaking, weakness of face or extremities, confusion, slurred speech, inability to stand, sudden and severe headache or neck pain, difficulty swallowing, or double vision.","Vertigo is a complex condition that can be caused by a variety of factors, including inner ear problems, neurological disorders, and other underlying medical conditions. As a result, it's often best to see a specialist who has experience in diagnosing and treating vertigo. Here are some options to consider:

1. Ear, Nose, and Throat (ENT) Specialist: ENT specialists, also known as otolaryngologists, are trained to diagnose and treat ear-related conditions, including vertigo. They can perform tests such as the Dix-Hallpike maneuver and electronystagmography (ENG) to help identify the underlying cause of your vertigo.
2. Neurologist: Neurologists are trained to diagnose and treat conditions affecting the brain and nervous system, including vertigo. They can perform tests such as the Romberg test and the head impulse test to help identify the underlying cause of your vertigo.
3. Physical Therapist: Physical therapists who specialize in vestibular rehabilitation therapy (VRT) can help you manage your vertigo symptoms and improve your balance and coordination. They can also provide exercises and stretches to help alleviate your symptoms.
4. Chiropractor: Chiropractors who specialize in treating vertigo can use spinal manipulation and other techniques to help alleviate your symptoms. However, it's important to note that the effectiveness of chiropractic care for vertigo is still debated and more research is needed to fully understand its benefits.

When choosing a doctor to see for vertigo, consider the following factors:

* Experience: Look for a doctor who has experience in diagnosing and treating vertigo. Ask about their experience and success rates in treating patients with vertigo.
* Specialization: Consider seeing a specialist who has expertise in treating vertigo, such as an ENT specialist or a neurologist.
* Availability: Make sure the doctor has availability to see you at a time that is convenient for you.
* Insurance: Check with your insurance provider to see if they cover the doctor","A resposta do sistema de IA é tecnicamente correta, pois lista especialistas que podem tratar vertigem, como otorrinolaringologistas e neurologistas, e menciona testes específicos que podem ser realizados para diagnosticar a causa subjacente da vertigem. No entanto, a resposta omite a importância de consultar um médico geral antes de procurar um especialista e não destaca a necessidade de buscar atenção médica imediata em casos de vertigem com sintomas alarmantes, como dificuldade para falar ou entender, fraqueza facial ou de extremidades, confusão, fala pastosa, incapacidade de ficar em pé, dor de cabeça ou pescoço súbita e severa, dificuldade para engolir ou visão dupla. Além disso, a menção a fisioterapeutas e quiropráticos, embora possa ser útil para alguns pacientes, não é a abordagem mais apropriada para o diagnóstico e tratamento inicial da vertigem.",Omissão de Etapa Preliminar,"O modelo listou especialistas e testes corretos para tratar vertigem, mas falhou ao não enfatizar a importância de consultar um médico geral antes de procurar um especialista."
34,Mistral,3,"Vertigo is a symptom of an illusory movement that some people may describe as dizziness. If you are experiencing vertigo, it is essential to determine the type and cause of your symptoms. You can consult with your general physician, who will evaluate your symptoms and perform a physical examination. If necessary, they may refer you to an otolaryngologist or a neurologist for further testing and treatment. It is crucial to seek immediate medical attention if you experience vertigo or dizziness with any of the following symptoms: constant dizziness that doesn't go away and isn't related to head movement, difficulty speaking or understanding others speaking, weakness of face or extremities, confusion, slurred speech, inability to stand, sudden and severe headache or neck pain, difficulty swallowing, or double vision."," Vertigo is a type of dizziness that can be caused by various conditions, including inner ear disorders, head or neck injuries, and certain medications. Since the cause of vertigo can vary, it's important to see a healthcare professional who can properly diagnose and treat the condition.

Here are some healthcare professionals who can help you with vertigo:

1. Ear, Nose, and Throat (ENT) Doctor: An ENT specialist is trained to diagnose and treat conditions related to the ear, nose, and throat. Vertigo can be caused by inner ear disorders, so an ENT doctor may be able to help you.
2. Neurologist: Vertigo can also be caused by neurological conditions, such as multiple sclerosis, migraines, or vestibular neuronitis. A neurologist can help diagnose and treat these conditions.
3. General Practitioner (GP): Your primary care physician or GP can also help diagnose and treat vertigo. They may refer you to a specialist if necessary.

It's important to note that the best healthcare professional for you will depend on the specific cause of your vertigo. Your GP can help you determine which specialist is best for your situation.

Regardless of who you see, be sure to describe your symptoms in detail, including when they started, how long they last, and any other symptoms you're experiencing. This information can help your healthcare professional make an accurate diagnosis and develop an effective treatment plan.","A resposta do sistema de IA é tecnicamente correta, pois lista os principais especialistas que podem ajudar no diagnóstico e tratamento da vertigem, incluindo o médico de otorrinolaringologia (ENT), neurologista e médico de clínica geral. Além disso, destaca a importância de descrever os sintomas em detalhe para ajudar no diagnóstico e tratamento. No entanto, a resposta não menciona explicitamente a necessidade de procurar atenção médica imediata em casos de vertigem associada a sintomas como dificuldade de fala, fraqueza facial ou de extremidades, confusão, fala pastosa, incapacidade de ficar em pé, dor de cabeça ou pescoço severa, dificuldade de deglutição ou visão dupla, o que é um aspecto importante do padrão ouro. Além disso, a resposta não fornece detalhes sobre a abordagem de longo prazo para o manejo da vertigem.",Omissão de Especialista,"A resposta do modelo lista causas da vertigem, mas não especifica explicitamente os especialistas que podem ajudar no diagnóstico e tratamento, como o médico de otorrinolaringologia (ENT) e neurologista, apenas mencionando genericamente um ""healthcare professional""."
34,Phi-3,4,"Vertigo is a symptom of an illusory movement that some people may describe as dizziness. If you are experiencing vertigo, it is essential to determine the type and cause of your symptoms. You can consult with your general physician, who will evaluate your symptoms and perform a physical examination. If necessary, they may refer you to an otolaryngologist or a neurologist for further testing and treatment. It is crucial to seek immediate medical attention if you experience vertigo or dizziness with any of the following symptoms: constant dizziness that doesn't go away and isn't related to head movement, difficulty speaking or understanding others speaking, weakness of face or extremities, confusion, slurred speech, inability to stand, sudden and severe headache or neck pain, difficulty swallowing, or double vision."," Vertigo is a condition that can be evaluated and treated by various types of healthcare professionals. Here's a step-by-step guide to help you decide which doctor to see:

1. Primary Care Physician (PCP): Your first step should be to visit your primary care physician. They can perform an initial assessment, ask about your symptoms, and rule out any underlying conditions. If your PCP suspects vertigo, they can refer you to a specialist.

2. Ear, Nose, and Throat (ENT) Specialist: Vertigo is often related to inner ear problems, so an ENT specialist is well-equipped to evaluate and treat this condition. They can perform a comprehensive examination, including hearing tests, balance tests, and imaging studies, to determine the cause of your vertigo.

3. Neurologist: If your vertigo is suspected to be related to a neurological issue, a neurologist may be the appropriate specialist to consult. They can evaluate your symptoms, perform a neurological examination, and order additional tests to determine the cause of your vertigo.

4. Vestibular Therapist: If your vertigo is related to a vestibular disorder, a vestibular therapist, also known as a vestibular rehabilitation therapist, can help you manage your symptoms and improve your balance. They work closely with ENT specialists and neurologists to develop a personalized treatment plan.

In summary, your first step should be to visit your primary care physician, who can then refer you to an ENT specialist or a neurologist, depending on the suspected cause of your vertigo. If your vertigo is related to a vestibular disorder, a vestibular therapist","A resposta do sistema de IA é tecnicamente correta e fornece uma abordagem passo a passo para ajudar o paciente a decidir qual médico consultar. Ela destaca a importância de iniciar com um médico de cuidados primários (PCP), que pode realizar uma avaliação inicial e encaminhar o paciente a um especialista, se necessário. Além disso, a resposta menciona a possibilidade de encaminhamento a um especialista em otorrinolaringologia (ENT) ou neurologista, dependendo da causa suspeita da vertigem. A menção a um terapeuta vestibular também é apropriada, pois esses profissionais podem ajudar a gerenciar sintomas e melhorar o equilíbrio em casos de distúrbios vestibulares. No entanto, a resposta não destaca explicitamente a importância de buscar atenção médica imediata em casos de vertigem acompanhada de sintomas graves, como dificuldade para falar ou entender, fraqueza facial ou de extremidades, confusão, fala pastosa, incapacidade de ficar em pé, dor de cabeça ou pescoço súbita e severa, dificuldade para engolir ou visão dupla. Portanto, a resposta está alinhada com as diretrizes clínicas padrão, mas carece de detalhes sobre o manejo a longo prazo e a importância de buscar atenção médica imediata em casos graves.",Acerto de Diretriz,"O modelo forneceu uma resposta tecnicamente correta, destacando a importância de iniciar com um médico de cuidados primários (PCP) e oferecendo uma abordagem passo a passo para ajudar o paciente a decidir qual médico consultar para o tratamento de vertigo."
62,Llama-3,2,E,B,"O paciente apresenta sintomas de insuficiência cardíaca, como dispneia, edema e distensão venosa jugular, além de dor no quadrante superior direito e hepatomegalia, o que sugere a possibilidade de tamponamento cardíaco ou constriction cardíaca devido à pericardite tuberculosa. A terapia com isoniazida, rifampina e etambutol foi iniciada há 9 semanas, o que é adequado para o tratamento da tuberculose. No entanto, a adição de prednisona (opção B) não é a conduta mais apropriada, pois não há evidências de reação paradoxal ou de necessidade de corticosteroides nesse caso. A melhor abordagem seria avaliar a função cardíaca e a presença de tamponamento ou constriction cardíaca através de ecocardiografia (opção E), que é o padrão ouro para essa situação. A adição de furosemida (opção A) pode ser útil para tratar a insuficiência cardíaca, mas não é a conduta mais apropriada sem antes avaliar a função cardíaca. A adição de estreptomicina e cicloserina (opção C) não é necessária, pois a terapia atual é adequada para o tratamento da tuberculose. A broncoscopia (opção D) não é necessária nesse caso, pois não há evidências de doença pulmonar ativa.",Erro de Escolha de Tratamento,"O modelo escolheu a opção B, que não é a escolha correta de tratamento para o paciente com tuberculous pericarditis, considerando que a terapia com isoniazida, rifampina e etambutol foi iniciada há 9 semanas, o que é adequado, e a resposta correta é a opção E."
62,Phi-3,5,E,E,"O paciente apresenta sintomas de insuficiência cardíaca, como dispneia, edema e distensão venosa jugular, além de dor no quadrante superior direito e hepatomegalia, o que sugere a possibilidade de tamponamento cardíaco ou constriction cardíaca devido à pericardite tuberculosa. A ecocardiografia é o exame mais apropriado para avaliar a função cardíaca e detectar possíveis anomalias pericárdicas, como efusão pericárdica ou constriction cardíaca. Além disso, a ecocardiografia é um exame não invasivo e pode ser realizado rapidamente, o que é importante em um paciente com sintomas de insuficiência cardíaca. A opção E é a escolha correta, pois a ecocardiografia é o próximo passo lógico no manejo desse paciente.",Acerto de Diretriz,"O modelo escolheu corretamente a ecocardiografia como o exame mais apropriado para avaliar a função cardíaca e detectar possíveis anomalias pericárdicas em um paciente com pericardite tuberculosa, considerando os sintomas apresentados, como insuficiência cardíaca e possibilidade de tamponamento cardíaco ou constricção cardíaca."
63,Llama-3,2,A,D,"A paciente apresenta varizes em membros inferiores, que são veias dilatadas e tortuosas, geralmente causadas por refluxo venoso. O histórico e o exame físico não sugerem doença venosa avançada ou complicações, como úlceras ou trombose. A paciente não apresenta sintomas de alerta, como dor ou edema significativo. Nesse caso, a abordagem inicial mais apropriada é o uso de meias de compressão, que ajudam a reduzir a pressão venosa e aliviar os sintomas. A venografia ou a ultrassonografia venosa duplex são exames mais invasivos e caros, geralmente reservados para casos mais complexos ou quando a resposta ao tratamento conservador é inadequada. A ligadura cirúrgica das veias é um procedimento mais invasivo, geralmente considerado para casos de varizes mais graves ou refratárias ao tratamento conservador. A terapia com warfarina é um anticoagulante e não é indicada para o tratamento de varizes. Portanto, a resposta do sistema de IA (D) não é a mais apropriada, pois sugere um exame mais complexo e caro como primeiro passo, em vez de uma abordagem conservadora e mais simples, como o uso de meias de compressão.",Erro de Tratamento Inicial,"O modelo escolheu uma opção incorreta (D) em vez da opção correta (A), que é o uso de meias de compressão como abordagem inicial para varizes em membros inferiores, demonstrando falta de compreensão sobre o manejo adequado de varizes."
63,Phi-3,2,A,D,"A paciente apresenta varizes em membros inferiores, que são veias dilatadas e tortuosas, geralmente causadas por refluxo venoso. O histórico e o exame físico não sugerem doença venosa avançada ou complicações, como úlceras ou trombose. A paciente não apresenta sintomas de alerta, como dor ou edema significativo. Nesse caso, a abordagem inicial mais apropriada é o uso de meias de compressão, que ajudam a reduzir o refluxo venoso e aliviar os sintomas. A venografia ou a ultrassonografia venosa duplex são exames mais invasivos e caros, geralmente reservados para casos mais complexos ou quando a resposta ao tratamento conservador é insatisfatória. A ligadura cirúrgica das veias também é uma opção mais invasiva e não é indicada como primeiro passo. A terapia com warfarina é um anticoagulante e não é indicada para o tratamento de varizes sem trombose. Portanto, a resposta do sistema de IA (D) não é a mais apropriada, pois sugere um exame mais complexo e caro como primeiro passo, em vez de uma abordagem conservadora e mais simples.",Erro de Tratamento Inicial,"O modelo escolheu uma opção incorreta (D) em vez da opção correta (A), que é o uso de meias de compressão como abordagem inicial para varizes em membros inferiores, demonstrando falta de compreensão sobre o manejo adequado de varizes."
64,Llama-3,1,E,C,"A paciente apresenta sintomas sugestivos de câncer de colo uterino, como corrimento vaginal copioso e malcheiroso, sangramento vaginal e uma massa exofítica no colo uterino. A idade da paciente, o histórico de Pap smear anormal e a presença de uma massa no colo uterino são fatores importantes, mas o mais crítico na formulação de um plano de manejo é o estágio da doença. Isso porque o estágio da doença determinará a extensão da doença, a escolha do tratamento e o prognóstico. A obesidade (opção C) é um fator de risco para várias doenças, incluindo câncer, mas não é o fator mais crítico na formulação de um plano de manejo para essa paciente. Além disso, a paciente não apresenta sintomas ou sinais de complicações relacionadas à obesidade que justifiquem priorizar esse fator no plano de manejo.",Erro de Diagnóstico,"O modelo falhou ao não considerar o estágio da doença como o fator mais crítico no plano de manejo do câncer de colo uterino, apesar de reconhecer os sintomas sugestivos da doença, como corrimento vaginal copioso e malcheiroso, sangramento vaginal e uma massa exofítica no colo uterino."
64,Mistral,5,E,E,"A paciente apresenta sintomas sugestivos de câncer de colo uterino, como corrimento vaginal copioso e malcheiroso, sangramento vaginal e presença de uma massa exofítica no colo uterino. A história de Pap smear anormal no passado e a falta de realização de exames de rotina nos últimos 12 anos aumentam a suspeita de câncer. Nesse contexto, a definição do estágio da doença é fundamental para determinar o plano de tratamento e o prognóstico. O estágio da doença influencia diretamente as opções de tratamento, como radioterapia, quimioterapia, cirurgia ou uma combinação dessas. Além disso, o estágio da doença é um fator importante para determinar a extensão da doença e a necessidade de intervenções adicionais, como biópsias ou exames de imagem. Portanto, o estágio da doença é o fator mais crítico na formulação do plano de tratamento para essa paciente.",Acerto de Diagnóstico,"O modelo identificou corretamente os sintomas sugestivos de câncer de colo uterino, como corrimento vaginal copioso e malcheiroso, sangramento vaginal e presença de uma massa exofítica no colo uterino, e reconheceu a importância da definição do estágio da doença para determinar o tratamento adequado."
64,Phi-3,1,E,B,"A paciente apresenta sintomas sugestivos de câncer de colo uterino, como corrimento vaginal copioso e malcheiroso, sangramento vaginal e presença de uma massa exofítica no colo uterino. A idade da paciente, o histórico de Pap smear anormal e a presença de uma massa no colo uterino são fatores importantes, mas não são os mais críticos na formulação do plano de manejo. A hipertensão (opção B) é um fator de risco para diversas doenças, mas não é o fator mais crítico na formulação do plano de manejo para esta paciente. O estágio da doença (opção E) é o fator mais crítico, pois determinará a extensão da doença, a escolha do tratamento e o prognóstico. Portanto, a resposta do sistema de IA é incorreta, pois não prioriza o estágio da doença, que é fundamental para o manejo adequado do câncer de colo uterino.",Erro de Diagnóstico,"O modelo falhou ao não identificar corretamente os sintomas sugestivos de câncer de colo uterino, escolhendo hipertensão como resposta, quando na verdade os sintomas apresentados pela paciente, como corrimento vaginal copioso e malcheiroso e sangramento vaginal, apontam para uma condição mais grave e específica, como câncer de colo uterino."
65,Llama-3,2,D,C,"O paciente apresenta hipertensão arterial, com pressão arterial de 156/98 mm Hg, além de outros fatores de risco cardiovascular, como obesidade (BMI de 38 kg/m²), hipertrigliceridemia (158 mg/dL) e níveis elevados de LDL-colesterol (137 mg/dL). No entanto, o objetivo principal da farmacoterapia nesse caso deve ser a redução da pressão arterial, pois a hipertensão é um fator de risco importante para doenças cardiovasculares. Embora a redução do LDL-colesterol seja importante, especialmente em pacientes com alto risco cardiovascular, a prioridade deve ser a controle da hipertensão. Além disso, a redução da pressão arterial também pode ter efeitos benéficos sobre a função cardiovascular e renal. Portanto, a resposta correta é a opção D, que se refere à redução da pressão arterial. A opção C, que se refere à redução do LDL-colesterol, é uma abordagem importante, mas não é a prioridade principal nesse caso.",Erro de Escolha de Tratamento,"O modelo escolheu a opção C, mas a resposta correta é D, pois o paciente apresenta hipertensão arterial e outros fatores de risco cardiovascular, e o objetivo principal da farmacoterapia deve ser a redução da pressão arterial."
65,Phi-3,2,D,C,"O paciente apresenta hipertensão arterial (PA 156/98 mmHg), hipercolesterolemia (LDL-colesterol 137 mg/dL) e outros fatores de risco cardiovascular, como obesidade (IMC 38 kg/m²), história familiar de doenças cardiovasculares e alterações nos níveis de glicose e triglicerídeos. No entanto, o objetivo principal da farmacoterapia nesse caso deve ser a redução da pressão arterial, pois a hipertensão é um fator de risco importante e independente para doenças cardiovasculares. A redução da pressão arterial é fundamental para prevenir complicações cardiovasculares, como infarto do miocárdio, acidente vascular cerebral e insuficiência cardíaca. Embora a redução do LDL-colesterol seja importante, especialmente em pacientes com alto risco cardiovascular, a hipertensão é um fator de risco mais imediato e deve ser abordada prioritariamente. Além disso, a redução da pressão arterial pode ter um efeito benéfico nos níveis de LDL-colesterol e nos outros fatores de risco cardiovascular.",Erro de Priorização,"O modelo escolheu a opção C, mas o objetivo principal da farmacoterapia nesse caso deve ser a redução da pressão arterial, que é a opção D, devido à hipertensão arterial do paciente."
66,Llama-3,5,D,D,"O paciente em questão teve contato sexual com uma parceira diagnosticada com tricomoníase vaginalis, o que aumenta o risco de infecção por Trichomonas vaginalis. Embora o paciente não apresente sintomas como corrimento uretral, disúria, dor testicular ou lesões cutâneas genitais, a infecção por Trichomonas vaginalis pode ser assintomática em homens. A melhor abordagem para esse paciente, considerando a exposição à tricomoníase e a possibilidade de infecção assintomática, é o tratamento com metronidazol, que é o medicamento de escolha para tratar a tricomoníase. Isso é alinhado com as diretrizes clínicas para o tratamento de doenças sexualmente transmissíveis. Portanto, a resposta fornecida pelo sistema de IA, que prescreve metronidazol, é apropriada e segue as diretrizes clínicas estabelecidas.",Acerto de Abordagem,"O modelo acertou ao considerar a possibilidade de infecção assintomática por Trichomonas vaginalis no paciente, apesar da ausência de sintomas, e indicou a necessidade de avaliação e tratamento adequados."
66,Phi-3,5,D,D,"O paciente em questão tem um histórico de exposição a tricomoníase vaginalis através de sua parceira sexual, que foi diagnosticada com a doença. Embora o paciente não apresente sintomas como corrimento uretral, disúria, dor testicular ou lesões cutâneas genitais, a infecção por Trichomonas vaginalis pode ser assintomática em homens. A presença de linfonodos inguinais shotty pode ser um indicador de infecção. A conduta mais apropriada seria tratar o paciente com metronidazol, que é o tratamento recomendado para tricomoníase, considerando a exposição e a possibilidade de infecção assintomática. Além disso, é importante reforçar a importância do uso de preservativos para prevenir a transmissão de doenças sexualmente transmissíveis. Portanto, a resposta do sistema de IA está correta, pois prescrever metronidazol é a conduta mais apropriada para este paciente.",Acerto de Diagnóstico,"O modelo acertou o diagnóstico, considerando a possibilidade de infecção assintomática por Trichomonas vaginalis em homens, mesmo na ausência de sintomas como corrimento uretral, disúria, dor testicular ou lesões cutâneas genitais, e levando em conta a exposição através da parceira sexual diagnosticada com a doença."
67,Llama-3,5,A,A,"O paciente apresenta sintomas e exames complementares sugestivos de infecção pelo HIV, com contagem de CD4+ T-linfócitos baixa (128/mm³) e presença de lesões orais, provavelmente candidíase. A terapêutica antirretroviral (TARV) é o tratamento de escolha para pacientes com HIV, independentemente da presença de sintomas ou da contagem de CD4+. A TARV visa controlar a replicação do vírus, restaurar a função imunológica e prevenir o progresso da doença. As outras opções não são apropriadas como intervenção inicial, pois a terapêutica com nitrogênio líquido ou micafungina pode ser considerada para o tratamento das lesões orais, mas não aborda a infecção pelo HIV subjacente. A excisão cirúrgica das lesões da língua ou a quimioterapia sistêmica com doxorrubicina lipossomal não são indicadas neste contexto. Portanto, a resposta correta é a opção A, que reflete a conduta clínica padrão para o tratamento do HIV.",Acerto de Diretriz,"O modelo identificou corretamente a necessidade de terapêutica antirretroviral (TARV) para o paciente com HIV, independentemente da presença de sintomas ou da contagem de CD4+, seguindo as diretrizes de tratamento para HIV."
67,Mistral,5,A,A,"O paciente apresenta sintomas e exames complementares sugestivos de infecção pelo HIV, com contagem de CD4+ T-linfócitos baixa (128/mm³) e presença de lesões orais, provavelmente candidíase. A terapêutica antirretroviral (ARV) é fundamental para o tratamento e controle da infecção pelo HIV, visando restaurar a imunidade do paciente e prevenir complicações relacionadas à AIDS. A inicição da terapêutica antirretroviral é recomendada o mais precocemente possível após o diagnóstico, independentemente da contagem de CD4+ T-linfócitos. As outras opções não são apropriadas como primeira linha de tratamento para este paciente, pois a terapêutica antirretroviral é a abordagem mais eficaz para controlar a infecção pelo HIV e prevenir suas complicações.",Acerto de Diretriz,"O modelo identificou corretamente a necessidade de terapêutica antirretroviral (ARV) para o tratamento e controle da infecção pelo HIV, considerando a contagem de CD4+ T-linfócitos baixa e a presença de lesões orais, provavelmente candidíase, alinhando-se com as diretrizes de tratamento para HIV."
67,Phi-3,5,A,A,"O paciente apresenta sintomas e exames complementares sugestivos de infecção pelo HIV, com contagem de CD4+ T-linfócitos baixa (128/mm³) e presença de lesões orais, provavelmente candidíase. A terapêutica antirretroviral (ARV) é fundamental no tratamento do HIV, visando controlar a replicação viral, restaurar a imunidade e prevenir complicações. A inicição da terapêutica antirretroviral é recomendada independentemente da contagem de CD4+, de acordo com as diretrizes atuais. As outras opções não são apropriadas como primeira linha de tratamento para o paciente com HIV e lesões orais, pois o tratamento das lesões orais pode ser feito com medicamentos antifúngicos, mas a prioridade é o tratamento da infecção pelo HIV. Além disso, a terapêutica com micafungin ou outras opções não é a mais apropriada como primeira linha de tratamento para o paciente com HIV e lesões orais.",Acerto de Diretriz,"O modelo identificou corretamente a necessidade de terapêutica antirretroviral (ARV) para o paciente com sintomas sugestivos de infecção pelo HIV, seguindo as diretrizes de tratamento para controle da replicação viral e restauração da imunidade."
68,Llama-3,5,A,A,"A paciente apresenta sintomas de frequência urinária aumentada e incontinência ocasionais que parecem estar relacionados a situações de estresse, como viagens de avião ou exames. Esses sintomas são típicos de uma condição conhecida como bexiga hiperativa ou sobreativa, que pode ser desencadeada por fatores psicológicos, como ansiedade. A história médica da paciente é unremarkable, e os exames laboratoriais, incluindo urinalise e cultura de urina, são normais. Nesse contexto, a abordagem mais apropriada é recomendar terapia comportamental, que pode incluir técnicas de relaxamento, treinamento de controle da bexiga e modificação do comportamento para ajudar a paciente a gerenciar seus sintomas. Essa abordagem é alinhada com as diretrizes clínicas internacionais para o tratamento de bexiga hiperativa. As outras opções não são apropriadas como próxima etapa, pois a psicoterapia psicanalítica pode não ser necessária ou eficaz para essa condição específica, evitar atividades estressantes pode não ser prático ou possível, a revisão da história sexual não é relevante para os sintomas apresentados, e a simples reassuração de que os sintomas resolverão com o tempo não é uma abordagem terapêutica adequada.",Acerto de Diagnóstico,"O modelo acertou o diagnóstico de bexiga hiperativa, condição caracterizada por frequência urinária aumentada e incontinência ocasionais, desencadeada por fatores psicológicos, como ansiedade, especialmente em situações de estresse, como viagens de avião."
68,Phi-3,5,A,A,"A paciente apresenta sintomas de frequência urinária aumentada e incontinência ocasionais, que parecem estar relacionados a situações de estresse, como viagens de avião e exames. Esses sintomas são típicos de uma condição conhecida como bexiga hiperativa ou bexiga ansiosa, que pode ser desencadeada por estresse emocional. A urinalise e a cultura de urina normais ajudam a descartar outras causas orgânicas para os sintomas. Nesse caso, a terapia comportamental é uma abordagem apropriada para ajudar a paciente a gerenciar seus sintomas e melhorar sua qualidade de vida. A terapia comportamental pode incluir técnicas de relaxamento, treinamento de bexiga e modificação do comportamento para ajudar a paciente a lidar com o estresse e reduzir a frequência urinária. As outras opções não são apropriadas como próxima etapa, pois a psicoterapia psicanalítica não é uma abordagem comprovada para essa condição, evitar atividades estressantes pode não ser prático ou possível, a revisão da história sexual não é relevante para os sintomas apresentados e a simples reassuração não é suficiente para ajudar a paciente a gerenciar seus sintomas.",Acerto de Diagnóstico,"O modelo acertou o diagnóstico de bexiga hiperativa ou bexiga ansiosa, condição caracterizada por frequência urinária aumentada e incontinência ocasionais, desencadeada por estresse emocional, como viagens de avião, e apoiada por urinalise e cultura de urina normais."
69,Llama-3,1,A,B,"A paciente apresenta sintomas de uma infecção grave da orofaringe, com evidências de abscesso periamigdalino, como deslocamento do palato mole, deviação da úvula e exsudato branco no tonsilo afetado, além de trismo e linfonodos cervicais aumentados e dolorosos. A febre alta e a taquicardia também sugerem uma infecção bacteriana significativa. Nesse contexto, a terapia antibiótica é essencial, mas não é suficiente por si só devido à possibilidade de abscesso periamigdalino. A incisão e drenagem (opção A) são o procedimento mais apropriado para aliviar a obstrução e reduzir a carga bacteriana, além de possibilitar a cultura do material para identificar o agente causador. A opção B, intravenosa de metilprednisolona, não é apropriada como tratamento primário para essa condição, pois os corticosteroides são mais comumente usados para reduzir a inflamação em condições como a epiglotite ou a crup, e não para o tratamento de abscessos bacterianos. Além disso, a terapia com nistatina oral (opção C) é usada para infecções fúngicas, o que não parece ser o caso aqui. O gargarejo com água salgada (opção D) pode ser um alívio sintomático, mas não é um tratamento adequado para a condição subjacente. A tonsilectomia (opção E) pode ser considerada em casos de recorrência de infecções tonsilares, mas não é apropriada como tratamento de emergência para um abscesso periamigdalino agudo.",Falha de Tratamento,"O modelo escolheu a resposta B, que não inclui a terapia antibiótica necessária para tratar a infecção bacteriana grave apresentada pela paciente, enquanto a resposta correta A incluiria o tratamento antibiótico adequado."
69,Phi-3,1,A,B,"A paciente apresenta sintomas de uma infecção grave da orofaringe, com evidências de abscesso periamigdalino, como deslocamento do palato mole, deviação da úvula e exsudato branco no tonsilo afetado, além de trismo e linfonodos cervicais aumentados e dolorosos. A febre alta e a taquicardia também sugerem uma infecção bacteriana significativa. Nesse contexto, a terapia antibiótica é essencial, mas não é suficiente para drenar o abscesso, que é uma coleção de pus que precisa ser evacuada para aliviar a obstrução e reduzir o risco de complicações. A opção B, intravenosa de metilprednisolona, não é apropriada como tratamento primário para abscesso periamigdalino, pois os corticosteroides são mais comumente usados para reduzir a inflamação em condições como a epiglotite ou a crup, e não para tratar infecções bacterianas focais como abscessos. Portanto, a resposta do sistema de IA é incorreta, pois não aborda a necessidade de drenar o abscesso, que é o tratamento mais apropriado além da antibioticoterapia.",Erro de Tratamento,"O modelo escolheu a resposta B, que não é a opção correta para o tratamento de uma infecção grave da orofaringe com evidências de abscesso periamigdalino, enquanto a resposta A, gabarito, é a opção que inclui a terapia antibiótica essencial para o tratamento dessa condição."
70,Llama-3,1,C,D,"O paciente apresenta uma história de sangramento excessivo durante procedimentos cirúrgicos e trauma, além de um histórico familiar de ""sangradores"". Os estudos de coagulação inicial mostram um tempo de tromboplastina parcial moderadamente prolongado, o que sugere uma deficiência de fator de coagulação. Considerando que o paciente é homem e a doença parece ser hereditária, é provável que ele tenha hemofilia A ou B, que são doenças genéticas ligadas ao cromossomo X. Nesse caso, as filhas do paciente seriam portadoras assintomáticas, pois herdariam o cromossomo X afetado da mãe, mas também herdariam um cromossomo X normal do pai. Já os filhos do paciente não herdariam o cromossomo X afetado, pois herdariam o cromossomo Y do pai. No entanto, os filhos das filhas do paciente (netos do paciente) teriam um risco de herdar a doença, pois as filhas do paciente são portadoras assintomáticas. Portanto, a afirmação mais apropriada é que os netos do paciente, filhos das filhas, estarão em risco de desenvolver a doença. A resposta do AI (D) está incorreta, pois os filhos do paciente não estarão em risco de desenvolver a doença, pois não herdarão o cromossomo X afetado.",Erro de Diagnóstico,"O modelo falhou ao não considerar a possibilidade de hemofilia, uma doença hereditária que afeta a coagulação do sangue, especialmente em homens, e que se manifesta com sangramento excessivo e hematoma, como observado no paciente."
70,Phi-3,1,C,D,"O paciente apresenta uma história de sangramento excessivo durante procedimentos cirúrgicos e trauma, além de um tempo de tromboplastina parcial prolongado, o que sugere uma deficiência de fator de coagulação. A história familiar de ""sangradores"" também apoia essa hipótese. Considerando que o paciente é homem e a deficiência de fator de coagulação é uma doença ligada ao cromossomo X, como a hemofilia A ou B, os filhos homens do paciente não estarão em risco, pois herdariam o cromossomo Y da mãe. No entanto, as filhas do paciente herdariam o cromossomo X afetado e poderiam ser portadoras assintomáticas, podendo transmitir a condição para seus filhos. Portanto, os netos homens do paciente, filhos de suas filhas, estarão em risco de desenvolver a doença. A resposta do AI (D) está incorreta, pois os filhos do paciente não estarão em risco, mas sim os netos homens, filhos de suas filhas.",Erro de Diagnóstico,"O modelo falhou ao não considerar a hemofilia como a causa mais provável do sangramento excessivo no paciente, apesar da história familiar e do padrão de sangramento, levando a uma resposta incorreta (D) em vez da correta (C), que é a hemofilia."
71,Llama-3,5,D,D,"A paciente em questão apresenta um histórico de dor lombar recorrente, que é resolvida com repouso e analgésicos, mas retorna a cada 2 a 3 meses. Além disso, ela tem um histórico de diabetes gestacional e um índice de massa corporal (IMC) de 37 kg/m², o que a classifica como obesa. A obesidade é um fator de risco importante para a dor lombar, pois aumenta a carga sobre a coluna vertebral e pode contribuir para a degeneração dos discos intervertebrais. Nesse contexto, a recomendação de iniciar um programa de perda de peso é a medida mais apropriada, pois pode ajudar a reduzir a carga sobre a coluna vertebral e melhorar a dor lombar. Além disso, a perda de peso também pode ajudar a reduzir o risco de desenvolver outras comorbidades associadas à obesidade, como a diabetes tipo 2. As outras opções não são apropriadas como próxima etapa, pois a injeção de metilprednisolona não é indicada para dor lombar crônica, a ressonância magnética ou radiografia da coluna lombar não são necessárias nesse estágio, e a redução da atividade física não é recomendada, pois a paciente já pratica exercícios regulares.",Acerto de Diagnóstico,"O modelo identificou corretamente a relação entre a obesidade e a dor lombar recorrente na paciente, considerando o histórico de diabetes gestacional e o IMC de 37 kg/m², que são fatores de risco relevantes para a condição."
71,Phi-3,5,D,D,"A paciente em questão apresenta uma história de dor lombar recorrente, que é resolvida com repouso e analgésicos, mas retorna a cada 2 a 3 meses. Além disso, ela tem um histórico de diabetes gestacional e um índice de massa corporal (IMC) de 37 kg/m², o que a classifica como obesa. A obesidade é um fator de risco importante para a dor lombar, pois aumenta a carga sobre a coluna vertebral e pode contribuir para a instabilidade e a dor. Nesse contexto, a recomendação de iniciar um programa de perda de peso é a medida mais apropriada, pois pode ajudar a reduzir a carga sobre a coluna vertebral, melhorar a função física e reduzir a dor lombar. Além disso, a perda de peso também pode ajudar a reduzir o risco de desenvolver outras comorbidades associadas à obesidade, como a diabetes tipo 2. As outras opções não são apropriadas como primeira medida, pois a injeção de methylprednisolone pode ser considerada em casos de dor lombar aguda ou crônica que não responde a outras terapias, a ressonância magnética (MRI) ou a radiografia da coluna lombar podem ser consideradas se houver suspeita de lesão ou doença subjacente, e a redução da atividade física não é recomendada, pois a paciente já pratica exercícios regulares e isso pode ajudar a melhorar a função física e reduzir a dor lombar.",Acerto de Diagnóstico,"O modelo identificou corretamente a resposta D, considerando a relação entre a obesidade e a dor lombar recorrente na paciente, embora o texto original não mencione explicitamente o histórico de diabetes gestacional e o IMC, o juiz IA considerou a resposta correta com base na informação disponível."
72,Llama-3,5,C,C,"A paciente apresenta sangramento vaginal irregular, com períodos que ocorrem a cada 2 semanas e duram 3 a 5 dias, o que sugere uma alteração no padrão menstrual. A história clínica e o exame físico não sugerem doenças cardiovasculares ou outras condições que possam estar relacionadas ao sangramento. A presença de uma pequena quantidade de sangue no osso cervical e o tamanho irregular do útero sugerem uma possível causa uterina para o sangramento. A concentração de hemoglobina está ligeiramente abaixo do normal, o que pode ser consequência do sangramento crônico. Nesse contexto, a biópsia endometrial (opção C) é o próximo passo mais apropriado na avaliação, pois pode ajudar a identificar possíveis causas do sangramento, como hiperplasia endometrial ou câncer de endométrio. As outras opções não são as mais apropriadas, pois a determinação de hormônios (opção A) pode ser útil em alguns casos, mas não é o próximo passo mais importante; a tomografia computadorizada do pelvis (opção B) não é necessária nesse estágio; a histeroscopia com dilatação e curetagem (opção D) pode ser considerada se a biópsia endometrial for inconclusiva ou se houver outras indicações; e a terapia de reposição hormonal (opção E) não é apropriada como primeiro passo, pois não se sabe a causa do sangramento.",Acerto de Diagnóstico,"O modelo identificou corretamente a alteração no padrão menstrual da paciente e sugeriu uma investigação adequada, considerando a história clínica e o exame físico, sem indicar doenças cardiovasculares ou outras condições irrelevantes para o sangramento vaginal irregular."
72,Phi-3,5,C,C,"A paciente apresenta sangramento vaginal irregular, com períodos de 2 semanas e duração de 3 a 5 dias, o que sugere uma alteração no padrão menstrual. A história clínica e o exame físico não apontam para uma causa aparente, como doenças tireoidianas ou prolactinomas, o que torna a opção A menos prioritária. A realização de uma tomografia computadorizada (CT) de pelve (opção B) não é o próximo passo mais apropriado, pois não é uma ferramenta de diagnóstico inicial para sangramento vaginal irregular. A histeroscopia com dilatação e curetagem (opção D) pode ser considerada em alguns casos, mas não é o primeiro passo, pois é um procedimento mais invasivo. A terapia de reposição hormonal (opção E) não é apropriada como primeira linha de tratamento sem um diagnóstico claro. A biópsia do endométrio (opção C) é o próximo passo mais apropriado, pois pode ajudar a identificar possíveis causas do sangramento, como hiperplasia endometrial ou câncer de endométrio, especialmente considerando a idade da paciente e a presença de sangramento irregular.",Acerto de Abordagem,"O modelo identificou corretamente a necessidade de investigar a causa do sangramento vaginal irregular, considerando a história clínica e o exame físico, e priorizou a abordagem clínica adequada em vez de procedimentos de imagem como a tomografia computadorizada de pelve."
73,Llama-3,5,C,C,"A paciente em questão apresenta vários fatores de risco para doença arterial coronariana (DAC), incluindo histórico familiar de DAC, nível elevado de colesterol total, obesidade leve, estilo de vida estressante e tabagismo crônico. Considerando esses fatores, a instituição de um programa de cessação do tabagismo é fundamental para a prevenção da DAC, pois o tabagismo é um dos principais fatores de risco modificáveis para a doença. Além disso, a cessação do tabagismo pode reduzir significativamente o risco de eventos cardiovasculares, incluindo infarto do miocárdio e acidente vascular cerebral. Embora as outras opções sejam importantes para a prevenção da DAC, como a redução do estresse, aumento da atividade física e mudanças na dieta, a cessação do tabagismo é a medida mais essencial e eficaz para reduzir o risco de DAC nessa paciente.",Acerto de Diretriz,"O modelo identificou corretamente a importância da cessação do tabagismo como parte do programa de prevenção da doença arterial coronariana, considerando os fatores de risco apresentados pela paciente."
73,Phi-3,5,C,C,"A paciente em questão apresenta vários fatores de risco para doença arterial coronariana (DAC), incluindo histórico familiar de DAC, nível elevado de colesterol total, obesidade leve, estilo de vida estressante e tabagismo crônico. Considerando esses fatores, a instituição de um programa de cessação do tabagismo é fundamental para a prevenção da DAC, pois o tabagismo é um dos principais fatores de risco modificáveis para a doença. Além disso, a cessação do tabagismo pode reduzir significativamente o risco de eventos cardiovasculares, incluindo infarto do miocárdio e acidente vascular cerebral. Embora as outras opções sejam importantes para a prevenção da DAC, como a redução do estresse, aumento da atividade física e mudanças na dieta, a cessação do tabagismo é a medida mais essencial e eficaz para reduzir o risco de DAC nessa paciente.",Acerto de Diretriz,"O modelo identificou corretamente a importância da cessação do tabagismo como parte do plano de prevenção da doença arterial coronariana (DAC) na paciente, considerando seus vários fatores de risco, incluindo histórico familiar, nível elevado de colesterol e estilo de vida."
74,Llama-3,5,C,C,"O paciente em questão tem história de Hodgkin linfoma tratado com radioterapia e quimioterapia, o que aumenta o risco de cardiotoxicidade, especialmente devido ao uso de antraciclina (doxorrubicina). A radioterapia também pode causar danos cardiovasculares. Portanto, a realização de ecocardiografia como exame de rotina anual é apropriada para monitorar a função cardíaca e detectar possíveis alterações precocemente. Isso está alinhado com as diretrizes clínicas internacionais, como as da American Heart Association (AHA) e da Sociedade Brasileira de Cardiologia (SBC), que recomendam a avaliação cardíaca em pacientes com história de tratamento com agentes cardiotoxicos.",Acerto de Diretriz,"O modelo seguiu corretamente a diretriz de monitoramento cardíaco para pacientes com história de Hodgkin linfoma tratado com radioterapia e quimioterapia, indicando a realização de ecocardiografia como exame de rotina anual para detectar possíveis alterações cardiovasculares."
74,Phi-3,1,C,A,"O paciente em questão tem história de Hodgkin linfoma tratado com radioterapia e quimioterapia, o que aumenta o risco de cardiotoxicidade, especialmente devido ao uso de antraciclina (doxorrubicina). A Sociedade Americana de Cardiologia (AHA) e a Sociedade Brasileira de Cardiologia (SBC) recomendam a realização de ecocardiogramas periódicos em pacientes que receberam tratamento com antraciclina para monitorar a função cardíaca. Portanto, a opção C (Echocardiography) é a resposta correta. A opção A (Bone marrow aspiration and complete blood count) não é apropriada para este paciente, pois não há evidências de recorrência da doença ou de disfunção medular. A opção B (CT scan of the chest, abdomen, and pelvis) pode ser útil para monitorar a recorrência da doença, mas não é a opção mais apropriada para este paciente assintomático. A opção D (Fine-needle aspiration biopsy of the thyroid gland) e a opção E (Nerve conduction studies) não têm relação com a história médica do paciente. A opção A, escolhida pelo sistema de IA, não é a resposta mais apropriada, pois não aborda o risco de cardiotoxicidade associado ao tratamento do paciente.",Erro de Recomendação,"O modelo não seguiu as diretrizes da AHA e SBC, que recomendam ecocardiogramas periódicos para pacientes com história de tratamento com antraciclina, aumentando o risco de cardiotoxicidade."
75,Llama-3,5,A,A,"O paciente apresenta uma exacerbação aguda de doença pulmonar obstrutiva crônica (DPOC) com insuficiência respiratória e está sendo ventilado mecanicamente. A alarme de pressão do ventilador e a queda da pressão arterial sugerem que o paciente pode estar desenvolvendo um pneumotórax ou aumento da resistência ao fluxo de ar, o que é comum em pacientes com DPOC. No entanto, a ausência de sinais de pneumotórax, como desvio do trachea ou som de fricção do pulmão, e a presença de jugular venous distention e inspiratory e expiratory wheezing, sugerem que o problema pode estar relacionado às configurações do ventilador. Portanto, a ajuste das configurações do ventilador (opção A) é a medida mais apropriada para gerenciar a situação atual do paciente, pois pode ajudar a reduzir a pressão do ventilador e melhorar a ventilação. Além disso, a opção A está alinhada com as diretrizes clínicas para o manejo de pacientes com DPOC e insuficiência respiratória.",Acerto de Diagnóstico,"O modelo identificou corretamente a exacerbação aguda de doença pulmonar obstrutiva crônica (DPOC) e reconheceu a possibilidade de complicações como pneumotórax ou aumento da resistência ao fluxo de ar, demonstrando uma compreensão adequada da condição clínica do paciente."
76,Llama-3,1,D,A,"A paciente apresenta sintomas clássicos de fissura anal, como dor retal ardente e sangramento durante e após a defecação. A anoscopia confirmou a presença de uma pequena laceração na mucosa anal. Nesse caso, o manejo inicial mais apropriado é o alívio da constipação e a redução do esforço durante a defecação, o que pode ser alcançado com o uso de um agente laxante como o docusato oral. A opção A, colonoscopia, é um exame invasivo e não é necessário como primeiro passo no manejo de uma fissura anal, especialmente quando a paciente não apresenta outros sintomas ou fatores de risco para doenças mais graves. Além disso, a colonoscopia não é indicada para o diagnóstico de fissura anal, que pode ser feito por meio da história clínica e exame físico. Portanto, a resposta do sistema de IA é incorreta, pois não segue as diretrizes clínicas estabelecidas para o manejo de fissura anal.",Erro de Tratamento,"O modelo escolheu a opção A, que não é o tratamento mais apropriado para a fissura anal, enquanto a resposta correta (D) provavelmente envolve o uso de um agente laxante como o docusato oral para aliviar a constipação e reduzir o esforço durante a defecação."
76,Phi-3,1,D,A,"A paciente apresenta sintomas clássicos de fissura anal, incluindo dor retal ardente e sangramento durante e após a defecação. A anoscopia confirmou a presença de uma pequena laceração na mucosa anal. Neste caso, o manejo inicial mais apropriado é o alívio dos sintomas e a prevenção de complicações, como a constipação, que pode agravar a fissura. A opção D, oral docusate, é um laxante suave que ajuda a amolecer as fezes e reduzir a dor durante a defecação, sendo um tratamento conservador e não invasivo. A opção A, colonoscopia, é um procedimento invasivo e não é necessário como primeiro passo no manejo de fissura anal, pois a paciente não apresenta sintomas de alerta para doenças mais graves, como perda de peso, anemia ou sangramento importante. Além disso, a colonoscopia é mais indicada para pacientes com sintomas de alerta ou com histórico de doenças intestinais. Portanto, a resposta do sistema de IA é incorreta, pois não segue as diretrizes clínicas estabelecidas para o manejo de fissura anal.",Erro de Tratamento,"O modelo escolheu a opção A, mas a resposta correta é a opção D, pois o uso de docusate, um laxante suave, é apropriado para o manejo inicial de fissura anal, ajudando a prevenir constipação e aliviar os sintomas."
77,Llama-3,1,D,A,"A intervenção proposta pelo sistema de IA é a administração da vacina meningocócica, que é uma medida preventiva importante, mas não é a intervenção mais apropriada para este paciente no momento. A vacina meningocócica é recomendada para prevenir a doença em indivíduos saudáveis, mas não é eficaz como profilaxia pós-exposição. Neste caso, a paciente teve contato próximo com uma pessoa diagnosticada com meningite meningocócica e, portanto, está em risco de desenvolver a doença. A profilaxia antimicrobiana é recomendada para indivíduos que tiveram contato próximo com uma pessoa com meningite meningocócica, e a rifampina é um dos antibióticos recomendados para essa finalidade. Portanto, a resposta correta é a prescrição de rifampina, que é a opção D. A opção A, administração da vacina meningocócica, não é a intervenção mais apropriada para este paciente no momento, pois não é eficaz como profilaxia pós-exposição.",Erro de Intervenção,"O modelo propôs a administração da vacina meningocócica, que é uma medida preventiva importante, mas não é a intervenção mais apropriada para este paciente no momento, pois a vacina não é eficaz como profilaxia pós-exposição."
78,Llama-3,1,E,A,"A paciente em questão apresenta anemia grave, com hemoglobina de 5,7 g/dL e hematocrito de 18,0%, o que é uma indicação clara para transfusão de sangue para aumentar a capacidade de transporte de oxigênio e aliviar os sintomas relacionados à anemia, como a dor no peito e a falta de ar. A dor no esterno pode ser relacionada à anemia e à consequente diminuição da oxigenação dos tecidos. A transfusão de hemácias concentradas (opção E) é o tratamento mais apropriado para essa paciente, pois rapidamente aumenta a capacidade de transporte de oxigênio e pode aliviar os sintomas. A troca de transfusão (opção A) pode ser considerada em pacientes com sickle cell anemia e complicações específicas, como crise de dor frequente ou doença renal, mas não é a primeira linha de tratamento para anemia grave. O aumento da dose de hidroxiureia (opção B) pode ser considerado para prevenir complicações da doença falciforme, mas não é o tratamento mais apropriado para a anemia grave aguda. A iniciação da terapia com eritropoietina (opção C) pode ser considerada em pacientes com anemia crônica, mas não é apropriada para essa paciente com anemia aguda grave. A suplementação de ferro (opção D) pode ser considerada se houver deficiência de ferro, mas não é o tratamento mais apropriado para a anemia grave aguda.",Erro de Tratamento,"O modelo falhou ao não indicar a transfusão de sangue como o tratamento mais apropriado para a paciente com anemia grave, optando por uma resposta que não abordou a necessidade de aumentar a capacidade de transporte de oxigênio e aliviar os sintomas relacionados à anemia."
79,Llama-3,5,B,B,"O paciente em questão apresenta Parkinson, uma doença neurodegenerativa que afeta a motricidade e pode levar a complicações como disfagia (dificuldade de deglutição). A disfagia é uma condição comum em pacientes com Parkinson, especialmente em estágios avançados da doença, e pode aumentar o risco de pneumonia aspirativa, o que é particularmente preocupante em um paciente que já está se recuperando de uma pneumonia. Além disso, a presença de masked facies, bradykinesia e cogwheel rigidity são sinais clínicos típicos de Parkinson. A avaliação da deglutição é fundamental para identificar se o paciente tem disfagia e para determinar a melhor abordagem para sua alimentação e hidratação, reduzindo assim o risco de complicações como pneumonia aspirativa. Portanto, a escolha da avaliação da deglutição (B) é a mais apropriada antes da alta hospitalar, pois está alinhada com as diretrizes clínicas para o manejo de pacientes com Parkinson e é essencial para a prevenção de complicações relacionadas à disfagia.",Acerto de Diagnóstico,"O modelo identificou corretamente a relação entre a doença de Parkinson e o risco de disfagia, o que pode levar a complicações como pneumonia aspirativa, demonstrando uma compreensão apropriada das condições médicas subjacentes."
79,Phi-3,5,B,B,"O paciente em questão apresenta Parkinson e está sendo tratado para pneumonia. Além disso, ele apresenta sinais de ortostase, o que pode ser um indicador de disfunção autonômica, comum em pacientes com Parkinson. A presença de masked facies, bradykinesia e rigidez em roda dente também são características típicas da doença de Parkinson. Considerando que o paciente está sendo tratado para pneumonia e tem um histórico de Parkinson, é fundamental avaliar sua capacidade de deglutição antes da alta, pois a disfagia é uma complicação comum em pacientes com Parkinson, especialmente em casos de pneumonia, onde a capacidade de deglutição pode ser comprometida. Portanto, a avaliação da deglutição é um passo importante para prevenir complicações como a pneumonia aspirativa. A resposta do AI, que sugere obter uma avaliação da deglutição, está alinhada com as diretrizes clínicas e demonstra uma compreensão adequada da fisiopatologia e do manejo do paciente com Parkinson e pneumonia.",Acerto de Diagnóstico,"O modelo acertou o diagnóstico, considerando a presença de sinais de ortostase, masked facies, bradykinesia e rigidez em roda dente, características típicas da doença de Parkinson, e levando em conta o tratamento para pneumonia."
80,Llama-3,1,E,A,"O paciente apresenta fibrilação atrial com complexo QRS estreito e taquicardia, com história prévia de fibrilação atrial paroxística. Inicialmente, foi tratado com metoprolol, que reduziu a frequência cardíaca para 90/min. No entanto, após duas horas, a frequência cardíaca aumentou novamente para 160/min. Nesse contexto, a melhor opção para reduzir a frequência cardíaca é a administração de um betabloqueador, como o metoprolol, que já havia demonstrado eficácia anteriormente no paciente. A adenosina (opção A) é mais comumente usada para converter taquicardia supraventricular paroxística em ritmo sinusal, mas não é a melhor opção para controle de frequência cardíaca em fibrilação atrial. Além disso, a adenosina pode causar efeitos colaterais, como dispneia e dor no peito, que podem ser confundidos com os sintomas do paciente. Portanto, a resposta do sistema de IA é incorreta, pois não se alinha com as diretrizes clínicas estabelecidas para o manejo de fibrilação atrial e taquicardia.",Erro de Escolha de Tratamento,"O modelo escolheu a opção A, mas a melhor opção para reduzir a frequência cardíaca no contexto de fibrilação atrial com complexo QRS estreito e taquicardia, especialmente após a falha do metoprolol, seria a administração de um betabloqueador mais potente ou um antiarrítmico, como um bloqueador dos canais de cálcio, e não a opção A, que não foi especificada, mas parece não ser a escolha mais adequada de acordo com a resposta do juiz."
80,Phi-3,1,E,B,"O paciente apresenta fibrilação atrial com complexo QRS estreito e taquicardia, sendo que o tratamento inicial com metoprolol intravenoso foi eficaz em reduzir a frequência cardíaca. No entanto, após duas horas, a frequência cardíaca aumentou novamente para 160/min. Nesse contexto, a administração de digoxina (opção B) não é a escolha mais apropriada, pois embora a digoxina possa ser usada para controle da frequência ventricular em fibrilação atrial, ela não é a primeira escolha para controle agudo da taquicardia, especialmente em um paciente que já respondeu ao metoprolol. Além disso, a digoxina tem um tempo de ação mais lento e pode ter efeitos colaterais. A opção correta seria a administração de metoprolol (opção E), pois o paciente já demonstrou resposta a esse medicamento e é uma escolha segura e eficaz para controle da taquicardia em fibrilação atrial.",Erro de Escolha de Tratamento,"O modelo escolheu a administração de digoxina, que não é a opção mais apropriada para o tratamento de fibrilação atrial com taquicardia recorrente, considerando a eficácia inicial do metoprolol e a necessidade de uma abordagem mais adequada para o controle da frequência cardíaca."
81,Llama-3,5,D,D,"A conduta clínica proposta pelo sistema de IA é referir o paciente a um psiquiatra infantil, o que está alinhado com o padrão ouro. Isso se justifica porque o paciente apresenta comportamento de comer terra (pica), que pode ser um sintoma de uma condição psicológica ou neurológica subjacente, e não apenas um problema nutricional ou de saúde pública. Além disso, o paciente também apresenta adenopatia cervical simétrica e nontender, o que pode ser um sinal de infecção crônica, como a toxoplasmose confirmada pelos exames sorológicos. A terapia com pirimetamina e sulfadiazina é apropriada para o tratamento da toxoplasmose, mas a referência a um psiquiatra infantil é fundamental para avaliar e tratar possíveis condições psicológicas ou neurológicas subjacentes que possam estar contribuindo para o comportamento do paciente. A opção D é a escolha mais apropriada, pois aborda a necessidade de uma avaliação mais ampla das necessidades psicológicas e neurológicas do paciente.",Acerto de Diretriz,"O modelo seguiu perfeitamente a diretriz clínica ao referir o paciente a um psiquiatra infantil devido ao comportamento de comer terra (pica), que pode ser um sintoma de uma condição psicológica ou neurológica subjacente."
81,Phi-3,5,D,D,"O paciente apresenta comportamento de eat dirt (geofagia), que pode ser um sintoma de deficiência nutricional ou de doenças subjacentes, como toxoplasmosis, confirmada pelos exames sorológicos. Além disso, o paciente apresenta adenopatia cervical simétrica e nontender, o que pode estar relacionado à infecção por toxoplasma. A prescrição de pirimetamina e sulfadiazina é apropriada para o tratamento da toxoplasmosis. No entanto, o comportamento do paciente, incluindo a geofagia e a falta de atividade, sugere que pode haver questões psicológicas ou psiquiátricas subjacentes que precisam ser abordadas. Portanto, a referência a um psiquiatra infantil é o próximo passo mais apropriado no manejo do paciente, pois pode ajudar a identificar e tratar qualquer condição psicológica ou psiquiátrica subjacente que esteja contribuindo para o comportamento do paciente.",Acerto de Diagnóstico,"O modelo corretamente identificou o comportamento de geofagia como um sintoma potencial de deficiência nutricional ou doenças subjacentes, como toxoplasmosis, e prescreveu o tratamento apropriado com pirimetamina e sulfadiazina."
82,Llama-3,5,D,D,"A paciente apresenta dor severa na região dorsal, especialmente ao caminhar, e fraqueza muscular no membro inferior direito, com diminuição da força muscular (3/5) e hiperreflexia, além de alterações sensoriais nos membros inferiores. Esses sintomas sugerem uma possível compressão ou lesão da medula espinhal ou de raízes nervosas. A história de câncer de mama e uso de tamoxifeno aumenta a suspeita de metástase óssea ou compressão da medula espinhal por tumor. A temperatura ligeiramente elevada (38,0°C) também pode indicar uma possível infecção ou inflamação. Diante desses achados, a realização de uma ressonância magnética (RM) da coluna vertebral torácica é fundamental para avaliar a presença de compressão da medula espinhal, tumor ou outras lesões que possam estar causando os sintomas. A RM é uma ferramenta diagnóstica não invasiva e altamente sensível para detectar anormalidades na medula espinhal e nas raízes nervosas. Portanto, a opção D, que sugere a realização de uma RM da coluna vertebral torácica, é o próximo passo mais apropriado no manejo dessa paciente.",Acerto de Diagnóstico,"O modelo identificou corretamente os sintomas de dor severa na região dorsal, fraqueza muscular no membro inferior direito e alterações sensoriais, sugerindo uma possível compressão ou lesão da medula espinhal ou de raízes nervosas, e considerou a história de câncer de mama e uso de tamoxifeno como fatores de risco relevantes."
82,Phi-3,5,D,D,"A paciente apresenta dor severa na região dorsal, especialmente ao caminhar, e fraqueza muscular no membro inferior direito, com reflexos hiperativos e alterações sensoriais. Além disso, ela tem histórico de câncer de mama e está em uso de tamoxifeno, o que aumenta o risco de metástases ósseas. A combinação desses sintomas e histórico sugere a possibilidade de uma lesão na coluna vertebral, como metástase ou compressão da medula espinhal. A opção D, MRI de coluna vertebral torácica, é o próximo passo mais apropriado, pois permite uma avaliação detalhada da coluna vertebral e da medula espinhal, ajudando a identificar a causa da dor e fraqueza muscular. As outras opções não são apropriadas como próximo passo, pois não abordam a possível causa subjacente dos sintomas da paciente.",Acerto de Diagnóstico,"O modelo identificou corretamente a possibilidade de lesão na coluna vertebral, considerando a dor severa na região dorsal, fraqueza muscular no membro inferior direito, e o histórico de câncer de mama com uso de tamoxifeno, que aumenta o risco de metástases ósseas."
83,Llama-3,5,C,C,"O paciente em questão apresenta dor óssea e febre recorrentes após uma crise vaso-occlusiva recente, o que sugere uma possível complicação, como infarto ósseo ou osteomielite. A ressonância magnética (MRI) é o exame de imagem mais sensível e específico para avaliar a medula óssea e detectar infartos ou processos infecciosos, como osteomielite, que podem estar presentes nesse contexto. Além disso, a MRI não utiliza radiação ionizante, o que é uma vantagem em pacientes pediátricos. Portanto, a escolha do exame de MRI de coluna lombar (opção C) é a mais apropriada para estabelecer o diagnóstico nesse caso.",Acerto de Diretriz,"O modelo escolheu corretamente a ressonância magnética (MRI) como o exame de imagem mais apropriado para avaliar a medula óssea e detectar possíveis complicações, como infarto ósseo ou osteomielite, em um paciente com doença falciforme e sintomas recorrentes de dor óssea e febre."
83,Phi-3,5,C,C,"O paciente em questão apresenta dor óssea e febre recorrentes após uma crise vaso-occlusiva recente, o que sugere uma possível complicação, como infarto ósseo ou osteomielite. A ressonância magnética (MRI) é o exame de imagem mais sensível e específico para avaliar a medula óssea e detectar infartos ou processos infecciosos, como osteomielite. Além disso, a MRI não utiliza radiação ionizante, o que é uma vantagem em pacientes pediátricos. Já a tomografia computadorizada (CT) e a radiografia simples (X-ray) podem não detectar alterações precoces no tecido ósseo e medular. A ultrassonografia não é adequada para avaliar a coluna vertebral e a medula óssea. As hemoculturas são importantes para investigar a possibilidade de infecção, mas não estabelecem o diagnóstico de complicações ósseas. Portanto, a resposta correta é a opção C, que corresponde à realização de uma MRI da coluna lombar.",Acerto de Diretriz,"O modelo escolheu corretamente a ressonância magnética (MRI) como o exame de imagem mais apropriado para avaliar a medula óssea e detectar possíveis complicações, como infarto ósseo ou osteomielite, em um paciente com doença falciforme e sintomas recorrentes, considerando a sensibilidade e especificidade da MRI, além da ausência de radiação ionizante."
84,Llama-3,2,E,C,"O paciente em questão apresenta febre e dor óssea, com histórico de doença falciforme e vaso-occlusiva crise, o que sugere uma possível infecção ou complicações relacionadas à sua condição subjacente. A escolha da antibioticoterapia inicial é crucial para abordar possíveis infecções, especialmente em pacientes imunocomprometidos como aqueles com doença falciforme. A opção C, Clindamicina e Gentamicina, não é a escolha mais apropriada como antibioticoterapia de primeira linha para este paciente, pois não cobre adequadamente o espectro de bactérias que podem estar envolvidas em infecções em pacientes com doença falciforme. A opção E, Vancomicina e Cefotaxima, é a escolha mais apropriada, pois oferece uma cobertura antibiótica ampla, incluindo estafilococos resistentes à meticilina (MRSA) e outras bactérias gram-positivas e gram-negativas, o que é particularmente importante em pacientes com doença falciforme que podem estar em risco de infecções graves. Além disso, a combinação de Vancomicina e Cefotaxima é frequentemente recomendada em diretrizes clínicas para o tratamento de pacientes com febre e neutropenia ou outros estados de imunocomprometimento, o que pode ser aplicável a pacientes com doença falciforme em crise vaso-occlusiva.",Erro de Antibioticoterapia,"O modelo escolheu a opção C, Clindamicina e Gentamicina, que não é a escolha mais adequada para o tratamento inicial de um paciente com doença falciforme e suspeita de infecção, considerando a necessidade de cobertura antimicrobiana mais ampla e específica para possíveis patógenos em pacientes imunocomprometidos."
85,Llama-3,5,D,D,"O paciente apresenta dor abdominal aguda no quadrante inferior direito, febre e taquicardia, o que sugere uma possível apendicite aguda. Nesse caso, a administração de morfina é a conduta mais apropriada para o manejo da dor, pois é um analgésico potente e eficaz para o alívio da dor abdominal aguda. Além disso, a morfina não interfere significativamente na avaliação diagnóstica ou no exame físico. A acetaminofeno (A) pode ser útil para a febre, mas não é suficiente para controlar a dor abdominal aguda. O gabapentina (B) é um medicamento anticonvulsivante e não é indicado para o tratamento da dor abdominal aguda. O lorazepam (C) é um ansiolítico e não é apropriado para o manejo da dor abdominal aguda. A opção (E) é incorreta, pois a administração de analgésicos não interfere significativamente na avaliação diagnóstica ou no exame físico e o paciente precisa de alívio da dor.",Acerto de Conduta,"O modelo escolheu corretamente a morfina como opção de analgésico para o paciente com dor abdominal aguda no quadrante inferior direito, considerando sua eficácia no alívio da dor e mínimo impacto na avaliação diagnóstica."
85,Mistral,5,D,D,"O paciente apresenta dor abdominal aguda no quadrante inferior direito, com sinais de irritação peritoneal, como tenderness exacerbada na região. A dor é significativa, com escala de 6 em 10, e o paciente solicita medicação para alívio da dor. Nesse contexto, a administração de morfina é a conduta mais apropriada, pois é um analgésico opioides eficaz para o alívio da dor aguda moderada a severa. Além disso, a morfina não interfere significativamente na avaliação diagnóstica ou no exame físico subsequente. A acetaminofeno (A) pode não ser suficiente para aliviar a dor de intensidade moderada a severa. O gabapentina (B) é mais utilizado para dor neuropática e não é a primeira escolha para dor abdominal aguda. O lorazepam (C) é um ansiolítico e não é indicado para o alívio da dor. A opção (E) é incorreta, pois a administração de analgésicos não interfere significativamente na avaliação cirúrgica e o alívio da dor é uma prioridade no manejo do paciente.",Acerto de Conduta,"O modelo escolheu corretamente a administração de morfina como a conduta mais apropriada para aliviar a dor aguda moderada a severa do paciente, considerando a escala de dor e a solicitação do paciente por medicação para alívio da dor."
85,Phi-3,1,D,E,"O paciente apresenta dor abdominal aguda no quadrante inferior direito, com febre e taquicardia, o que sugere uma possível apendicite aguda. Nesse contexto, a administração de analgésicos é crucial para o manejo da dor. A opção E, que sugere que os analgésicos interfiram com o exame cirúrgico, é um conceito ultrapassado e não é mais considerado uma contraindicação para o uso de analgésicos em pacientes com dor abdominal aguda. A administração de morfina (opção D) é a conduta mais apropriada, pois é um analgésico potente que pode ajudar a controlar a dor do paciente. A opção E é incorreta, pois ignora a necessidade de alívio da dor do paciente e não é baseada em evidências atuais.",Erro de Concepção,"O modelo apresentou uma resposta baseada em um conceito ultrapassado, sugerindo que os analgésicos poderiam interferir com o exame cirúrgico, o que não é mais considerado uma contraindicação para o uso de analgésicos em pacientes com dor abdominal aguda."
86,Llama-3,5,D,D,"O paciente apresenta sinais clínicos de insuficiência renal aguda, como redução da produção urinária, dor abdominal, náusea, letargia, jugular venous distention, taquicardia e hipertensão. Além disso, os exames laboratoriais mostram elevação da ureia e creatinina, indicando deterioração da função renal. A ultrassonografia confirma a distensão da bexiga e hidronefrose bilateral, sugerindo obstrução do trato urinário. Considerando a história de cateterização vesical anterior e a dificuldade atual em realizar cateterização, a colocação de um cateter suprapúbico é o próximo passo mais apropriado para aliviar a obstrução e permitir a drenagem urinária. Isso é essencial para prevenir danos renais adicionais e melhorar a função renal. A administração de bethanechol ou prazosin não é apropriada como primeiro passo, pois não aborda a obstrução urinária subjacente. A hemodiálise ou ultrafiltração podem ser necessárias posteriormente, mas não são o próximo passo mais apropriado.",Acerto de Diagnóstico,"O modelo corretamente identificou os sinais clínicos e laboratoriais de insuficiência renal aguda, incluindo redução da produção urinária, dor abdominal, náusea, letargia, e alterações nos exames laboratoriais, como elevação da ureia e creatinina, além de confirmar a obstrução através da ultrassonografia."
87,Llama-3,5,A,A,"O paciente apresenta sintomas clínicos de paroníquia aguda, caracterizada por dor, edema, eritema e calor na região periungueal do dedo indicador direito, com uma área flutuante perto da borda da unha, sugerindo a formação de um abscesso. A ausência de febre e calafrios, bem como a falta de histórico de trauma, não altera o diagnóstico. Neste caso, a conduta mais apropriada é a drenagem do abscesso, que é um procedimento simples e eficaz para aliviar a dor e promover a cura. A incisão e drenagem (opção A) é o tratamento de escolha para paroníquia aguda com formação de abscesso, pois permite a evacuação do material purulento e a introdução de antibióticos locais, se necessário. As outras opções não são apropriadas como primeira linha de tratamento para este caso específico. A terapia com cefazolina oral (opção B) pode ser considerada em casos de infecção mais extensa ou sistêmica, mas não é a conduta inicial mais apropriada. A terapia tópica com neomicina (opção C) pode ser usada como adjuvante, mas não substitui a drenagem do abscesso. As compressas quentes (opção D) podem ser usadas para aliviar a dor e promover a drenagem, mas não são suficientes como tratamento isolado.",Acerto de Diagnóstico,"O modelo corretamente identificou os sintomas clínicos de paroníquia aguda e sugeriu a conduta mais apropriada, que é a drenagem do abscesso, considerando a presença de dor, edema, eritema e calor na região periungueal do dedo."
88,Llama-3,1,E,D,"A paciente apresenta sinais clássicos de cetoacidose diabética (CAD), incluindo hiperglicemia, acidose metabólica (pH 7,20, HCO3- 10 mEq/L) e desidratação. Após a administração de bolus de salina e infusão de insulina, a paciente apresenta melhora inicial, mas posteriormente desenvolve somnolência, cefaleia, vômito e incontinência, o que sugere o desenvolvimento de edema cerebral, uma complicação grave da CAD. Nesse contexto, a terapia mais apropriada é a administração de manitol, um agente osmótico que pode ajudar a reduzir o edema cerebral. A opção D, furosemida, é um diurético que não é indicado para o tratamento do edema cerebral e pode até piorar a desidratação e a hipotensão. Além disso, a furosemida não tem efeito sobre a redução do edema cerebral. Portanto, a resposta correta é a opção E, manitol, e a resposta do AI é incorreta.",Falha de Diagnóstico,O modelo não identificou corretamente a complicação de edema cerebral como uma possível causa dos sintomas neurológicos apresentados pela paciente após o tratamento inicial da cetoacidose diabética.
106,Llama-3,4,"Chlorhexidine is an antiseptic and disinfectant substance that is used to prevent infection. It is effective against bacteria and fungi. It is available in various formulations, such as mouthwashes, solutions, creams, swabs, lozenges, throat sprays and soaps. Over-the-counter chlorhexidine topical antiseptics are used for the sterilization of skin before surgery, oral care, wound cleaning, and as an antiseptic hand rinse. Chlorhexidine can also be prescribed as an oral rinse for the treatment of gingivitis (gum inflammation). ","Chlorhexidine is a widely used antiseptic and disinfectant agent that has been extensively studied and proven to be effective in reducing the risk of infection and promoting wound healing. It is a topical agent that is commonly used in various medical settings, including hospitals, clinics, and homes.

Chemical Structure:
Chlorhexidine is a bisbiguanide compound, specifically a 1,3-di-2-chlorophenylbiguanide. Its chemical structure is C12H12Cl2N4, with a molecular weight of 322.14 g/mol.

Mechanism of Action:
Chlorhexidine works by disrupting the cell membrane of microorganisms, ultimately leading to their death. It has a broad-spectrum antimicrobial activity, effective against a wide range of bacteria, viruses, fungi, and protozoa. The exact mechanism of action involves:

1. Disruption of the cell membrane: Chlorhexidine binds to the phospholipid bilayer of the cell membrane, causing it to become permeable and leading to the loss of essential ions and nutrients.
2. Inhibition of protein synthesis: Chlorhexidine has been shown to inhibit protein synthesis in microorganisms, which is essential for their survival and growth.
3. Denaturation of proteins: Chlorhexidine can denature proteins, making them unable to perform their normal functions.

Uses:
Chlorhexidine is commonly used in various medical settings, including:

1. Skin antisepsis: Chlorhexidine is used to clean and disinfect the skin before surgical procedures, injections, and other invasive medical procedures.
2. Wound care: Chlorhexidine is used to treat and prevent wound infections, including burns, ulcers, and surgical wounds.
3. Oral care: Chlorhexidine is used as a mouthwash to reduce plaque, gingivitis, and bad breath.
4. Disinfection of surfaces: Chlorhexidine is used to disinfect surfaces, equipment, and medical devices","A resposta do sistema de IA é tecnicamente correta e fornece uma visão geral abrangente do clorhexidina, incluindo sua estrutura química, mecanismo de ação e usos. No entanto, falta uma menção explícita às formulações disponíveis, como enxaguantes bucais, soluções, cremes, swabs, pastilhas, sprays de garganta e sabonetes, que são importantes para uma compreensão completa do uso clínico do clorhexidina. Além disso, a resposta não aborda especificamente a prescrição de clorhexidina como enxaguante bucal para o tratamento de gengivite, o que é um aspecto importante do seu uso clínico. No entanto, a resposta demonstra um bom conhecimento da substância e seu papel na prevenção de infecções e promoção da cicatrização de feridas.",Omissão de Detalhes de Formulação,"O modelo acertou ao descrever o clorhexidina como um agente antisséptico e desinfetante, mas falhou ao não mencionar explicitamente as diversas formulações disponíveis, como enxaguantes bucais, soluções, cremes, swabs, pastilhas, sprays de garganta e sabonetes."
106,Mistral,3,"Chlorhexidine is an antiseptic and disinfectant substance that is used to prevent infection. It is effective against bacteria and fungi. It is available in various formulations, such as mouthwashes, solutions, creams, swabs, lozenges, throat sprays and soaps. Over-the-counter chlorhexidine topical antiseptics are used for the sterilization of skin before surgery, oral care, wound cleaning, and as an antiseptic hand rinse. Chlorhexidine can also be prescribed as an oral rinse for the treatment of gingivitis (gum inflammation). "," Chlorhexidine is a broad-spectrum antimicrobial agent used for disinfection, antisepsis, and topical antimicrobial therapy. It is commonly used in medical settings to prevent and control infections. Chlorhexidine works by disrupting the bacterial cell membrane and denying microorganisms the ability to grow and multiply. It is effective against a wide range of bacteria, viruses, and fungi, including both gram-positive and gram-negative organisms. Chlorhexidine is available in various forms, such as solutions, wipes, and impregnated devices, for use in different applications, including skin preparation before surgery, wound care, and environmental disinfection.","A resposta do sistema de IA está tecnicamente correta, descrevendo chlorhexidine como um agente antimicrobiano de amplo espectro utilizado para desinfecção, antisepsia e terapia antimicrobiana tópica. Ela também destaca a eficácia do chlorhexidine contra uma ampla gama de bactérias, vírus e fungos, incluindo organismos gram-positivos e gram-negativos. Além disso, menciona as diversas formas pelas quais o chlorhexidine está disponível e suas aplicações, como preparação da pele antes da cirurgia, cuidados com feridas e desinfecção ambiental. No entanto, a resposta do sistema de IA omite detalhes sobre a utilização específica do chlorhexidine em odontologia, como no tratamento de gengivite, e não menciona explicitamente a disponibilidade de formulações como enxaguantes bucais, soluções, cremes, swabs, pastilhas, sprays de garganta e sabonetes. Portanto, a resposta está alinhada com a conduta padrão, mas carece de alguns detalhes importantes sobre o uso do chlorhexidine em diferentes contextos clínicos.",Acerto de Conceito,"O modelo descreveu corretamente o chlorhexidine como um agente antimicrobiano de amplo espectro, destacando sua eficácia contra bactérias, vírus e fungos, e mencionou suas diversas formas de uso, demonstrando um conhecimento técnico preciso sobre o assunto."
106,Phi-3,4,"Chlorhexidine is an antiseptic and disinfectant substance that is used to prevent infection. It is effective against bacteria and fungi. It is available in various formulations, such as mouthwashes, solutions, creams, swabs, lozenges, throat sprays and soaps. Over-the-counter chlorhexidine topical antiseptics are used for the sterilization of skin before surgery, oral care, wound cleaning, and as an antiseptic hand rinse. Chlorhexidine can also be prescribed as an oral rinse for the treatment of gingivitis (gum inflammation). "," Chlorhexidine is a chemical compound and antiseptic agent that is widely used in healthcare settings for its effective antimicrobial properties. It is particularly known for its ability to kill bacteria, fungi, and some viruses. Chlorhexidine works by disrupting the cell membranes of microorganisms, leading to cell death.


Chlorhexidine is available in various forms, including solutions, gels, and mouthwashes. It is commonly used for skin disinfection before surgery, for handwashing in healthcare settings, and as a mouthwash to prevent dental plaque and gingivitis. Chlorhexidine is also used in some wound care products and as a preservative in certain pharmaceuticals.


Its effectiveness, broad-spectrum activity, and low toxicity make chlorhexidine a valuable tool in infection control and prevention. However, it is essential to use chlorhexidine as directed, as overuse or misuse can lead to side effects such as skin irritation or allergic reactions.","A resposta do sistema de IA é tecnicamente correta e fornece uma visão geral abrangente das propriedades e usos da clorexidina. Ela destaca a capacidade antimicrobiana da clorexidina, sua eficácia contra bactérias, fungos e alguns vírus, e descreve seus mecanismos de ação. Além disso, a resposta menciona as diversas formas pelas quais a clorexidina está disponível e seus usos comuns, incluindo desinfecção de pele antes de cirurgias, higienização das mãos em ambientes de saúde e prevenção de placa dentária e gengivite. A resposta também aborda a importância do uso adequado da clorexidina para evitar efeitos colaterais, como irritação da pele ou reações alérgicas. No entanto, a resposta não fornece detalhes específicos sobre o manejo a longo prazo ou considerações especiais para populações vulneráveis, como pacientes com certas condições médicas ou mulheres grávidas. Portanto, a resposta está alinhada com as diretrizes clínicas padrão, mas carece de alguns detalhes importantes para um manejo completo.",Acerto de Conhecimento,"O modelo forneceu uma resposta tecnicamente correta e abrangente sobre a clorexidina, destacando suas propriedades antimicrobianas, eficácia contra bactérias, fungos e vírus, e descrevendo seus mecanismos de ação, além de mencionar suas diversas formas de apresentação e usos comuns."
107,Llama-3,3,"Sciatica refers to pain that travels along the sciatic nerve path due to sciatic nerve injury or irritation. The most common cause of sciatica is compression of the sciatic nerve root by a herniated disc in the spine. Classically, the pain affects one side of the body and radiates from the buttock down the back of the leg to below the knee. The pain can be described as burning or stabbing and may be accompanied by paresthesia (tingling), numbness, or weakness. Symptoms may worsen with twisting, bending, sneezing, or coughing. It is typically diagnosed based on the characteristic pain and a physical examination. Diagnostic imaging studies may be recommended if symptoms persist for >6 weeks or weakness or numbness is experienced. The risk of developing sciatica can be reduced by maintaining good posture and healthy weight, regular exercise, muscle strengthening exercises, and proper lifting techniques. Mild sciatica usually resolves in a few weeks. The following conservative approaches may help relieve pain and speed up recovery: cold or heat packs, over-the-counter analgesics, physiotherapy, and starting gentle exercise as soon as tolerated. Contact your healthcare advisor if symptoms do not improve after a few weeks, worsen, or stop you from doing your normal activities. Seek immediate medical attention for severe pain, numbness, or weakness in both legs or problems controlling bowel or bladder function.","Sciatica is a common and often misunderstood term that refers to a set of symptoms, rather than a specific diagnosis. It is characterized by pain, numbness, tingling, or weakness in the lower back, hips, and legs, typically affecting one side of the body.

The sciatic nerve is the longest nerve in the body, extending from the lower back down to the legs. It is formed by the combination of the L4, L5, and S1 spinal nerve roots, which exit the spinal canal and merge to form the sciatic nerve. The sciatic nerve is responsible for controlling the muscles of the lower leg, as well as providing sensation to the skin of the lower back, hips, and legs.

Sciatica can occur when there is compression, irritation, or inflammation of the sciatic nerve, which can be caused by a variety of factors, including:

1. Herniated discs: When a disc in the lower back bulges or herniates, it can put pressure on the sciatic nerve, causing pain and discomfort.
2. Degenerative disc disease: As we age, the discs in our spine can degenerate, leading to compression of the sciatic nerve.
3. Spinal stenosis: Narrowing of the spinal canal can put pressure on the sciatic nerve, causing symptoms.
4. Piriformis syndrome: Compression of the sciatic nerve by the piriformis muscle can cause sciatica-like symptoms.
5. Spondylolisthesis: A condition in which a vertebra slips out of place, putting pressure on the sciatic nerve.
6. Muscle strain: Tight or strained muscles in the lower back can irritate the sciatic nerve, causing pain and discomfort.
7. Obesity: Excess weight can put additional pressure on the sciatic nerve, contributing to sciatica symptoms.

Common symptoms of sciatica include:

* Pain in the lower back, hips, or legs
* Numbness, tingling, or weakness in the","A resposta do sistema de IA é tecnicamente correta e aborda a definição, causas e sintomas da ciática de forma detalhada. No entanto, omite alguns aspectos importantes, como a importância da manutenção da postura correta, do exercício regular e da perda de peso para prevenir a ciática. Além disso, não fornece informações sobre o tratamento e manejo a longo prazo da ciática, como a utilização de terapias físicas, exercícios suaves e medicação para aliviar a dor. A resposta também não menciona a necessidade de procurar atendimento médico imediato em casos de dor severa, fraqueza ou perda de controle dos movimentos intestinais ou da bexiga.",Omissão de Informações Terapêuticas,"O modelo forneceu uma definição tecnicamente correta da ciática, abordando sintomas e características, mas falhou ao não incluir informações importantes sobre prevenção, como manutenção de postura correta, exercícios regulares e perda de peso, além de omitir detalhes sobre tratamento e manejo a longo prazo."
107,Mistral,3,"Sciatica refers to pain that travels along the sciatic nerve path due to sciatic nerve injury or irritation. The most common cause of sciatica is compression of the sciatic nerve root by a herniated disc in the spine. Classically, the pain affects one side of the body and radiates from the buttock down the back of the leg to below the knee. The pain can be described as burning or stabbing and may be accompanied by paresthesia (tingling), numbness, or weakness. Symptoms may worsen with twisting, bending, sneezing, or coughing. It is typically diagnosed based on the characteristic pain and a physical examination. Diagnostic imaging studies may be recommended if symptoms persist for >6 weeks or weakness or numbness is experienced. The risk of developing sciatica can be reduced by maintaining good posture and healthy weight, regular exercise, muscle strengthening exercises, and proper lifting techniques. Mild sciatica usually resolves in a few weeks. The following conservative approaches may help relieve pain and speed up recovery: cold or heat packs, over-the-counter analgesics, physiotherapy, and starting gentle exercise as soon as tolerated. Contact your healthcare advisor if symptoms do not improve after a few weeks, worsen, or stop you from doing your normal activities. Seek immediate medical attention for severe pain, numbness, or weakness in both legs or problems controlling bowel or bladder function."," Sciatica is a common condition characterized by pain, weakness, numbness, or tingling in the leg, often caused by compression or irritation of the sciatic nerve. The sciatic nerve is the largest and longest nerve in the body, starting from the lower back and running down each leg. When this nerve is affected, it can cause symptoms in the entire lower body, including the thigh, calf, and foot on one or both sides. Sciatica is usually a result of a herniated disc in the spine, bone spurs, or other conditions that put pressure on the nerve. It's important to note that sciatica itself is not a diagnosis, but rather a symptom of an underlying condition.","A resposta do sistema de IA é tecnicamente correta, pois descreve a ciática como uma condição caracterizada por dor, fraqueza, formigamento ou dormência na perna, frequentemente causada por compressão ou irritação do nervo ciático. No entanto, a resposta omite detalhes importantes sobre a apresentação clássica da ciática, como a radiação da dor de um lado do corpo, desde a região glútea até abaixo do joelho, e a descrição da dor como queimante ou perfurante. Além disso, a resposta não fornece informações sobre a importância da manutenção de uma boa postura, peso saudável, exercícios regulares e técnicas de levantamento adequadas para reduzir o risco de desenvolver ciática. A resposta também não aborda a abordagem de tratamento conservador, como o uso de compressas frias ou quentes, analgésicos de venda livre, fisioterapia e início de exercícios leves assim que tolerado. Portanto, a resposta está alinhada com a conduta padrão, mas carece de detalhes importantes sobre a apresentação clássica e o manejo da ciática.",Omissão de Detalhes Clínicos,"O modelo acertou ao descrever a ciática como uma condição caracterizada por dor, fraqueza, formigamento ou dormência na perna, mas falhou ao não especificar a apresentação clássica da ciática, como a radiação da dor de um lado do corpo, desde a região glútea até abaixo."
107,Phi-3,3,"Sciatica refers to pain that travels along the sciatic nerve path due to sciatic nerve injury or irritation. The most common cause of sciatica is compression of the sciatic nerve root by a herniated disc in the spine. Classically, the pain affects one side of the body and radiates from the buttock down the back of the leg to below the knee. The pain can be described as burning or stabbing and may be accompanied by paresthesia (tingling), numbness, or weakness. Symptoms may worsen with twisting, bending, sneezing, or coughing. It is typically diagnosed based on the characteristic pain and a physical examination. Diagnostic imaging studies may be recommended if symptoms persist for >6 weeks or weakness or numbness is experienced. The risk of developing sciatica can be reduced by maintaining good posture and healthy weight, regular exercise, muscle strengthening exercises, and proper lifting techniques. Mild sciatica usually resolves in a few weeks. The following conservative approaches may help relieve pain and speed up recovery: cold or heat packs, over-the-counter analgesics, physiotherapy, and starting gentle exercise as soon as tolerated. Contact your healthcare advisor if symptoms do not improve after a few weeks, worsen, or stop you from doing your normal activities. Seek immediate medical attention for severe pain, numbness, or weakness in both legs or problems controlling bowel or bladder function."," Sciatica is a medical condition characterized by pain that radiates along the path of the sciatic nerve, which extends from the lower back through the hips and buttocks and down each leg. Typically, sciatica affects only one side of the body.

Sciatica is commonly caused by the compression or irritation of the sciatic nerve. This compression or irritation can be due to various factors, such as a herniated disc, spinal stenosis, piriformis syndrome, or other spinal abnormalities.

Symptoms of sciatica may include:

1. Lower back pain
2. Pain that radiates down one leg, often reaching the foot
3. Numbness, tingling, or weakness in the affected leg
4. Pain that worsens when sitting, coughing, or sneezing
5. Difficulty moving the affected leg or foot

Treatment for sciatica may involve self-care measures, physical therapy, medications, and in some cases, surgery. The goal of treatment is to reduce pain and inflammation, improve mobility, and restore function. It is essential to consult a healthcare professional for an accurate diagnosis and appropriate treatment plan.","A resposta do sistema de IA é tecnicamente correta e fornece uma descrição clara da condição de sciática, incluindo suas causas, sintomas e opções de tratamento. No entanto, falta alguns detalhes importantes, como a menção à importância da manutenção de uma boa postura, peso saudável, exercícios regulares e técnicas de levantamento adequadas para reduzir o risco de desenvolver sciática. Além disso, a resposta não especifica claramente quando é recomendado realizar estudos de imagem diagnóstica, como no caso de sintomas persistentes por mais de 6 semanas ou fraqueza ou formigamento. A resposta também não fornece orientações claras sobre quando procurar atenção médica imediata, como no caso de dor severa, fraqueza ou perda de controle de função intestinal ou vesical. Portanto, a resposta está alinhada com as diretrizes clínicas padrão, mas carece de alguns detalhes importantes para uma abordagem completa.",Omissão de Prevenção,"O modelo forneceu uma descrição clara da condição de sciática, incluindo suas causas e sintomas, mas falhou ao não mencionar detalhes importantes sobre prevenção, como manutenção de boa postura, peso saudável, exercícios regulares e técnicas de levantamento adequadas."
108,Llama-3,4,"There are various ways to treat hypertension, and some of them have shown to be beneficial for people with diabetes. These treatments include angiotensin-converting enzyme (ACE) inhibitors and angiotensin receptor blockers (ARBs). It is crucial to know that lifestyle changes, like weight loss, increased physical activity, reduced sodium intake, and limiting alcohol consumption, are often recommended as a first step when diagnosed with hypertension. If these lifestyle changes do not help lower blood pressure, medication may be necessary. Your doctor may recommend treatment with ACE inhibitors or ARBs in combination with other drugs like calcium channel blockers and thiazides.","The best hypertension treatment for patients who are also diabetic is a multifaceted approach that involves a combination of lifestyle modifications, pharmacological interventions, and monitoring. Here are some evidence-based recommendations:

1. Lifestyle modifications:
	* Dietary changes: Encourage a balanced diet that is rich in fruits, vegetables, whole grains, and low-fat dairy products. The American Diabetes Association (ADA) recommends a diet that is low in added sugars, saturated fats, and refined carbohydrates.
	* Physical activity: Encourage patients to engage in regular physical activity, such as brisk walking, for at least 150 minutes per week.
	* Weight loss: If the patient is overweight or obese, encourage weight loss through a combination of diet and exercise.
	* Smoking cessation: Encourage patients to quit smoking, as it can increase blood pressure and worsen insulin resistance.
2. Pharmacological interventions:
	* Angiotensin-converting enzyme (ACE) inhibitors or angiotensin receptor blockers (ARBs): These medications are commonly used to treat hypertension and have been shown to reduce the risk of cardiovascular events in patients with diabetes.
	* Calcium channel blockers: These medications can be used to treat hypertension and may be beneficial in patients with diabetes, particularly those with kidney disease.
	* Thiazide diuretics: These medications can be used to treat hypertension and may be beneficial in patients with diabetes, particularly those with kidney disease.
	* Alpha-blockers: These medications can be used to treat hypertension and may be beneficial in patients with diabetes, particularly those with kidney disease.
3. Monitoring:
	* Blood pressure monitoring: Monitor blood pressure regularly to ensure that it is under control.
	* HbA1c monitoring: Monitor HbA1c levels regularly to ensure that they are under control.
	* Lipid profile monitoring: Monitor lipid profiles regularly to ensure that they are under control.
	* Kidney function monitoring: Monitor kidney function regularly to ensure that it is not being compromised","A resposta do sistema de IA é ampla e aborda vários aspectos importantes do tratamento da hipertensão em pacientes diabéticos, incluindo modificações no estilo de vida, intervenções farmacológicas e monitoramento. As recomendações de modificações no estilo de vida, como dieta equilibrada, atividade física regular, perda de peso e cessação do tabagismo, estão alinhadas com as diretrizes clínicas estabelecidas. A menção a inibidores da enzima conversora de angiotensina (ACE) e bloqueadores dos receptores de angiotensina (ARBs) como opções farmacológicas de primeira linha para hipertensão em pacientes diabéticos também está correta, pois esses medicamentos têm demonstrado reduzir o risco de eventos cardiovasculares nessa população. Além disso, a inclusão de bloqueadores dos canais de cálcio e diuréticos tiazídicos como opções adicionais é apropriada, especialmente para pacientes com doença renal. O monitoramento regular da pressão arterial, HbA1c, perfil lipídico e função renal também é essencial para o manejo eficaz da hipertensão e do diabetes. No entanto, a resposta poderia ser mais concisa e direcionada às necessidades específicas dos pacientes diabéticos com hipertensão, mas em geral, segue as diretrizes clínicas estabelecidas.",Acerto de Abordagem,"O modelo apresentou uma resposta abrangente e bem estruturada, abordando modificações no estilo de vida e intervenções farmacológicas para o tratamento da hipertensão em pacientes diabéticos, alinhada com as diretrizes clínicas estabelecidas."
108,Mistral,4,"There are various ways to treat hypertension, and some of them have shown to be beneficial for people with diabetes. These treatments include angiotensin-converting enzyme (ACE) inhibitors and angiotensin receptor blockers (ARBs). It is crucial to know that lifestyle changes, like weight loss, increased physical activity, reduced sodium intake, and limiting alcohol consumption, are often recommended as a first step when diagnosed with hypertension. If these lifestyle changes do not help lower blood pressure, medication may be necessary. Your doctor may recommend treatment with ACE inhibitors or ARBs in combination with other drugs like calcium channel blockers and thiazides."," Treating hypertension in patients with diabetes involves a comprehensive approach that focuses on managing both conditions effectively to prevent complications and improve overall health. The specific treatment for hypertension in diabetic patients may depend on various factors, including the severity of hypertension, the presence of other health conditions, and individual response to medications. Here are some common approaches:

1. Lifestyle modifications: Lifestyle modifications are essential for managing both hypertension and diabetes. These modifications include:
   - A healthy diet: A diet rich in fruits, vegetables, whole grains, lean proteins, and healthy fats can help manage blood sugar levels and reduce the risk of developing cardiovascular diseases.
   - Regular physical activity: Regular physical activity can help manage blood sugar levels, improve insulin sensitivity, and reduce blood pressure.
   - Weight management: Maintaining a healthy weight can help improve blood sugar control and reduce the risk of developing complications.
   - Limiting sodium intake: Reducing sodium intake can help lower blood pressure.
   - Quitting smoking: Smoking can worsen both hypertension and diabetes.

2. Medications: If lifestyle modifications alone are not enough to manage hypertension and diabetes, medications may be necessary. The choice of medications depends on various factors, including the presence of other health conditions, individual response to medications, and potential drug interactions. Some commonly used medications for treating hypertension in diabetic patients include:
   - ACE inhibitors or ARBs: These medications help reduce blood pressure by blocking the production of certain chemicals that narrow blood vessels. They also have additional benefits for patients with diabetes, such as reducing the risk of developing kidney damage and protecting against heart disease.
   - Calcium channel blockers: These medications help relax blood vessels, making it easier for the heart to pump blood and reducing blood pressure.
","A resposta do sistema de IA é tecnicamente correta e aborda a abordagem compreensiva para tratar hipertensão em pacientes com diabetes, incluindo modificações no estilo de vida e medicamentos. Ela destaca a importância de mudanças no estilo de vida, como dieta saudável, atividade física regular, controle de peso, redução da ingestão de sódio e cessação do tabagismo. Além disso, a resposta menciona os medicamentos comumente usados, como inibidores da ECA ou ARBs, e bloqueadores de canais de cálcio, que são recomendados pelas diretrizes clínicas para hipertensão e diabetes. No entanto, a resposta poderia ser mais detalhada em relação à gestão a longo prazo e às considerações específicas para pacientes com diabetes, como o monitoramento da função renal e a prevenção de complicações cardiovasculares.",Acerto de Abordagem,"A resposta do modelo é tecnicamente correta e aborda a abordagem compreensiva para tratar hipertensão em pacientes com diabetes, incluindo modificações no estilo de vida e medicamentos, destacando a importância de mudanças no estilo de vida e controle de fatores de risco."
108,Phi-3,4,"There are various ways to treat hypertension, and some of them have shown to be beneficial for people with diabetes. These treatments include angiotensin-converting enzyme (ACE) inhibitors and angiotensin receptor blockers (ARBs). It is crucial to know that lifestyle changes, like weight loss, increased physical activity, reduced sodium intake, and limiting alcohol consumption, are often recommended as a first step when diagnosed with hypertension. If these lifestyle changes do not help lower blood pressure, medication may be necessary. Your doctor may recommend treatment with ACE inhibitors or ARBs in combination with other drugs like calcium channel blockers and thiazides."," The best hypertension treatment for patients who are also diabetic involves a comprehensive approach that addresses both conditions simultaneously. It's essential to note that treatment plans should be individualized based on the patient's specific health status, comorbidities, and preferences. However, some general guidelines and first-line medications recommended by the American Diabetes Association (ADA) and the American Heart Association (AHA) include:

1. Angiotensin-converting enzyme (ACE) inhibitors: ACE inhibitors, such as lisinopril, ramipril, and enalapril, are commonly prescribed for hypertensive patients with diabetes. They help protect kidney function, which is crucial for diabetic patients, and have been shown to reduce the risk of cardiovascular events.

2. Angiotensin II receptor blockers (ARBs): ARBs, such as losartan, valsartan, and irbesartan, are also recommended for patients with diabetes and hypertension. They provide similar benefits to ACE inhibitors and are particularly useful for patients who experience side effects from ACE inhibitors.

3. Calcium channel blockers (CCBs): CCBs, such as amlodipine, diltiazem, and nifedipine, are effective in lowering blood pressure and are often used in combination with ACE inhibitors or ARBs. They are particularly useful for patients with isolated systolic hypertension, which is common in older diabetic patients.

4. Thiazide diuretics: Thiazide diuretics, such as chlorthalidone and hydrochlorothiazide, are recommended as initial ther","A resposta do sistema de IA é tecnicamente correta e está alinhada com as diretrizes clínicas atuais para o tratamento da hipertensão em pacientes diabéticos. Ela destaca a importância de uma abordagem abrangente que considere as necessidades individuais do paciente e inclui medicamentos de primeira linha recomendados pela American Diabetes Association (ADA) e pela American Heart Association (AHA), como inibidores da enzima conversora de angiotensina (ACE), bloqueadores dos receptores de angiotensina II (ARBs), bloqueadores dos canais de cálcio (CCBs) e diuréticos tiazídicos. Além disso, a resposta menciona a proteção da função renal, que é fundamental para pacientes diabéticos, e a redução do risco de eventos cardiovasculares. No entanto, para alcançar a perfeição, seria importante incluir uma menção explícita à necessidade de mudanças no estilo de vida, como perda de peso, aumento da atividade física, redução da ingestão de sódio e limitação do consumo de álcool, como recomendado pelo padrão ouro.",Acerto de Abordagem,"O modelo apresentou uma resposta tecnicamente correta, alinhada com as diretrizes clínicas atuais, destacando a importância de uma abordagem abrangente e individualizada para o tratamento da hipertensão em pacientes diabéticos."
109,Llama-3,4,"Urinalysis and urine culture are different laboratory tests performed on a urine sample. Urinalysis usually involves visual, chemical, and microscopic examinations of the sample to provide information about various characteristics, such as urine color and content. In addition, urinalysis can detect numerous substances within the urine, including glucose, nitrite, red blood cells, white blood cells, and protein. A urine culture is a test to detect and identify bacteria and fungi in the urine. This is done by adding growth-promoting substances to a urine sample and checking for any multiplication, indicating a positive result.","Urinalysis and urine culture are two distinct laboratory tests used to diagnose and manage urinary tract infections (UTIs). While they share some similarities, they serve different purposes and provide distinct information.

Urinalysis:

Urinalysis is a comprehensive test that examines the physical and chemical properties of urine to detect abnormalities. It typically includes the following components:

1. Visual examination: The urine is inspected for color, clarity, and sediment.
2. pH testing: The urine pH is measured to detect any deviations from the normal range (4.5-8.0).
3. Specific gravity testing: The urine specific gravity is measured to assess the concentration of urine.
4. Protein testing: The urine is tested for proteinuria (excess protein in the urine).
5. Glucose testing: The urine is tested for glycosuria (excess glucose in the urine).
6. Ketone testing: The urine is tested for ketonuria (excess ketones in the urine).
7. Nitrite testing: The urine is tested for nitrite-reducing bacteria, which are commonly associated with UTIs.
8. Leukocyte esterase testing: The urine is tested for leukocyte esterase, an enzyme produced by white blood cells.

Urinalysis is used to:

* Detect UTIs
* Monitor the progression of kidney disease
* Identify underlying kidney disorders
* Detect proteinuria, which can be a sign of kidney damage
* Monitor the effectiveness of treatment for UTIs

Urine Culture:

Urine culture is a test that detects the presence of bacteria in the urine. It involves collecting a urine sample and inoculating it onto a culture plate. The plate is then incubated for 24-48 hours, allowing the bacteria to grow. The resulting culture plate is examined for the presence of bacterial colonies.

Urine culture is used to:

* Confirm the presence of a UTI
* Identify the type of bacteria causing the infection
* Determine the antibiotic sensitivity of the","A resposta do sistema de IA é tecnicamente correta e aborda os principais aspectos da urinálise e da cultura de urina. No entanto, falta uma explicação mais detalhada sobre a importância da cultura de urina para identificar a sensibilidade antimicrobiana e guiar a escolha do tratamento antibiótico. Além disso, a resposta não menciona explicitamente a possibilidade de detecção de fungos na cultura de urina, o que é um aspecto importante. A resposta também não fornece informações sobre a interpretação dos resultados e a relação com o quadro clínico do paciente. No entanto, a resposta é bem estruturada e fácil de entender, o que é um ponto positivo.",Omissão de Detalhes,"O modelo acertou ao distinguir entre urinálise e cultura de urina, mas falhou ao não fornecer uma explicação detalhada sobre a importância da cultura de urina para identificar a sensibilidade antimicrobiana e não mencionou a detecção de fungos na cultura de urina."
109,Mistral,4,"Urinalysis and urine culture are different laboratory tests performed on a urine sample. Urinalysis usually involves visual, chemical, and microscopic examinations of the sample to provide information about various characteristics, such as urine color and content. In addition, urinalysis can detect numerous substances within the urine, including glucose, nitrite, red blood cells, white blood cells, and protein. A urine culture is a test to detect and identify bacteria and fungi in the urine. This is done by adding growth-promoting substances to a urine sample and checking for any multiplication, indicating a positive result."," Urinalysis and urine culture are two different diagnostic tests used to evaluate urinary system health.

Urinalysis is a laboratory test used to examine the physical and chemical properties of urine, such as color, odor, specific gravity, pH, and the presence of various substances like glucose, ketones, protein, and bilirubin. It can help identify various conditions such as urinary tract infections, kidney disease, diabetes, and other disorders.

Urine culture, on the other hand, is a laboratory test used to identify and quantify the presence of microorganisms, such as bacteria, in urine. It is typically used when a urinary tract infection is suspected, and the results of the urinalysis suggest bacteriuria (the presence of bacteria in urine). The urine sample is inoculated onto a growth medium, and the bacteria present in the urine grow and multiply, allowing the laboratory to identify the specific type of bacteria and determine its antibiotic sensitivity. This information is essential for prescribing the appropriate antibiotic treatment.

In summary, urinalysis is a test used to evaluate the physical and chemical properties of urine, while urine culture is a test used to identify and quantify the presence and type of microorganisms in urine. Both tests are essential for diagnosing and managing various urinary system disorders.","A resposta do sistema de IA é tecnicamente correta e fornece uma explicação clara e detalhada sobre as diferenças entre urinalise e cultura de urina. Ela descreve corretamente as características físicas e químicas avaliadas pela urinalise, como cor, odor, gravidade específica, pH e presença de substâncias como glicose, cetonas, proteína e bilirrubina. Além disso, a resposta destaca a importância da urinalise para identificar condições como infecções do trato urinário, doenças renais, diabetes e outros distúrbios. A descrição da cultura de urina também é precisa, enfatizando sua utilização para identificar e quantificar a presença de microorganismos, como bactérias, em urina, e sua importância para determinar a sensibilidade a antibióticos. A resposta demonstra um bom entendimento dos conceitos e segue as diretrizes clínicas estabelecidas, não omitindo passos de segurança importantes ou exames mandatórios. No entanto, não apresenta um detalhamento excessivo sobre o manejo a longo prazo ou complicações potenciais, o que a impede de ser considerada perfeita.",Acerto de Conceito,"O modelo forneceu uma explicação clara e detalhada sobre as diferenças entre urinalise e cultura de urina, descrevendo corretamente as características físicas e químicas avaliadas pela urinalise."
109,Phi-3,4,"Urinalysis and urine culture are different laboratory tests performed on a urine sample. Urinalysis usually involves visual, chemical, and microscopic examinations of the sample to provide information about various characteristics, such as urine color and content. In addition, urinalysis can detect numerous substances within the urine, including glucose, nitrite, red blood cells, white blood cells, and protein. A urine culture is a test to detect and identify bacteria and fungi in the urine. This is done by adding growth-promoting substances to a urine sample and checking for any multiplication, indicating a positive result."," Urinalysis and urine culture are two different diagnostic tests used to evaluate the health of the urinary system, but they serve different purposes and provide different types of information.

Urinalysis:
Urinalysis is a diagnostic test that involves the examination of urine to detect and evaluate various abnormalities, such as the presence of blood, protein, glucose, or bacteria. It is a non-invasive test that can provide valuable information about the overall health of an individual. Urinalysis typically includes the following components:

1. Visual examination: The urine sample is visually inspected for color, clarity, and the presence of any abnormal particles (e.g., blood, mucus, or crystals).
2. Chemical examination: A dipstick test is performed to detect the presence of various substances, such as protein, glucose, ketones, bilirubin, blood, and pH.
3. Microscopic examination: A small amount of urine is examined under a microscope to identify the presence of cells, bacteria, crystals, and other substances.

Urine culture:
A urine culture is a microbiological test that is used to identify and quantify the presence of bacteria in the urine. It is primarily used to diagnose urinary tract infections (UTIs) and determine the appropriate antibiotic treatment. A urine culture involves the following steps:

1. Collection: A clean-catch midstream urine sample is collected from the patient to minimize contamination from the external genitalia.
2. Inoculation: The urine sample is inoculated onto a culture medium, which provides a suitable environment for bacterial growth.
3. Incubation:","A resposta do sistema de IA é tecnicamente correta e fornece uma descrição detalhada das diferenças entre urinalise e cultura de urina. No entanto, falta uma menção explícita à detecção de fungos na cultura de urina, o que é um aspecto importante. Além disso, a resposta não aborda a importância da interpretação dos resultados em conjunto com a história clínica e os sintomas do paciente. A descrição das etapas da urinalise e da cultura de urina é clara e concisa, mas poderia ser mais completa com a inclusão de informações sobre a importância da esterilidade durante a coleta da amostra e a necessidade de follow-up após a realização dos exames.",Omissão de Detalhes,"A resposta do modelo é tecnicamente correta, mas falta uma menção explícita à detecção de fungos na cultura de urina e não aborda a importância da interpretação dos resultados em conjunto com a história clínica e os sintomas do paciente."
110,Llama-3,4,"The most common cause of dysuria in young, sexually active, healthy men is a sexually transmitted infection (STI). STIs can result in inflammation of the urethra (urethritis), epididymis (epididymitis), and prostate (prostatitis). These conditions are associated with dysuria and an urgent, frequent need to urinate. Signs and symptoms of urethritis may also include pain during sexual intercourse and itching at the tip of the penis. Epididymitis usually presents with a swollen, painful scrotum, and prostatitis is associated with pain in the perineum. Discharge from the penis can be a sign of an STI. The most common STIs are gonorrhoea and chlamydia. Diagnostic evaluation typically includes a physical examination, medical and sexual history taking, and urine tests such as urinalysis, urine culture, and urethral swabs. ","Dysuria, or painful urination, is a common symptom in young, sexually active, healthy men. According to various studies and evidence-based guidelines, the most common cause of dysuria in this population is likely to be urethritis, specifically caused by Chlamydia trachomatis (CT) or Neisseria gonorrhoeae (GC) infections.

A 2019 systematic review and meta-analysis published in the Journal of Urology found that among young men with dysuria, the prevalence of CT was 44.1%, while the prevalence of GC was 14.5%. Other common causes of dysuria in this population included Trichomonas vaginalis (TV) and herpes simplex virus (HSV) infections.

A 2020 study published in the Journal of Infectious Diseases found that among young men with dysuria, CT was the most common cause (53.1%), followed by GC (21.4%), and TV (10.5%).

The high prevalence of CT and GC infections in young, sexually active men is likely due to the increased risk of sexual transmission and the lack of symptoms in many cases. CT and GC infections can cause urethritis, which is characterized by dysuria, urethral discharge, and sometimes, hematuria.

It is essential to note that other causes of dysuria, such as urinary tract infections (UTIs), prostatitis, and epididymitis, should also be considered in the differential diagnosis. However, based on the available evidence, CT and GC infections are the most common causes of dysuria in young, sexually active, healthy men.

In conclusion, the most common cause of dysuria in young, sexually active, healthy men is likely to be urethritis caused by Chlamydia trachomatis or Neisseria gonorrhoeae infections.","A resposta do sistema de IA está alinhada com as diretrizes clínicas atuais e apresenta uma fundamentação sólida baseada em evidências científicas. A menção específica às estatísticas de prevalência de Chlamydia trachomatis (CT) e Neisseria gonorrhoeae (GC) em jovens homens com disúria, apoiada por revisões sistemáticas e meta-análises, demonstra um conhecimento aprofundado sobre o tema. Além disso, a resposta aborda a importância de considerar outras causas de disúria, como infecções do trato urinário (UTIs), prostatite e epididimite, no diagnóstico diferencial. A conclusão é clara e concisa, reforçando a ideia de que as infecções por CT e GC são as principais causas de disúria nessa população. No entanto, para atingir a perfeição, a resposta poderia incluir mais detalhes sobre a abordagem diagnóstica e terapêutica, como a realização de exames físicos, história médica e sexual, urianálise, cultura de urina e swabs uretrais, além de destacar a importância do tratamento adequado e do acompanhamento para prevenir complicações e transmissão.",Acerto de Diretriz,"O modelo apresentou uma resposta precisa e fundamentada, identificando a uretrite causada por Chlamydia trachomatis (CT) ou Neisseria gonorrhea como a causa mais comum de disúria em homens jovens e sexualmente ativos, alinhada com as diretrizes clínicas atuais e baseada em evidências científicas."
110,Mistral,2,"The most common cause of dysuria in young, sexually active, healthy men is a sexually transmitted infection (STI). STIs can result in inflammation of the urethra (urethritis), epididymis (epididymitis), and prostate (prostatitis). These conditions are associated with dysuria and an urgent, frequent need to urinate. Signs and symptoms of urethritis may also include pain during sexual intercourse and itching at the tip of the penis. Epididymitis usually presents with a swollen, painful scrotum, and prostatitis is associated with pain in the perineum. Discharge from the penis can be a sign of an STI. The most common STIs are gonorrhoea and chlamydia. Diagnostic evaluation typically includes a physical examination, medical and sexual history taking, and urine tests such as urinalysis, urine culture, and urethral swabs. "," The most common cause of dysuria (painful urination) in young, sexually active, healthy men is a urinary tract infection (UTI). However, it's important to note that other conditions such as urethritis (inflammation of the urethra), sexually transmitted infections (STIs), or prostatitis (inflammation of the prostate gland) can also cause dysuria in this population. If you are experiencing symptoms of painful urination, it's recommended to consult a healthcare professional for proper diagnosis and treatment.","A resposta do sistema de IA está próxima da resposta padrão ouro, no entanto, contém um erro crítico. O sistema de IA afirma que a causa mais comum de disúria em homens jovens, sexualmente ativos e saudáveis é uma infecção do trato urinário (UTI), quando, na verdade, a causa mais comum é uma infecção sexualmente transmissível (IST). Embora as ISTs possam resultar em uretrite, epididimite e prostatite, que são associadas à disúria, a resposta do sistema de IA não destaca corretamente as ISTs como a causa mais comum. Além disso, a resposta do sistema de IA não fornece detalhes sobre os sinais e sintomas específicos das ISTs, como dor durante a relação sexual, coceira na ponta do pênis e secreção peniana. Portanto, a resposta do sistema de IA não atende aos padrões de conduta clínica estabelecidos.",Erro de Causalidade,"O modelo incorretamente identificou a causa mais comum de disúria em homens jovens, sexualmente ativos e saudáveis como uma infecção do trato urinário (UTI), quando na verdade a causa mais comum é uma infecção sexualmente transmissível (IST)."
110,Phi-3,4,"The most common cause of dysuria in young, sexually active, healthy men is a sexually transmitted infection (STI). STIs can result in inflammation of the urethra (urethritis), epididymis (epididymitis), and prostate (prostatitis). These conditions are associated with dysuria and an urgent, frequent need to urinate. Signs and symptoms of urethritis may also include pain during sexual intercourse and itching at the tip of the penis. Epididymitis usually presents with a swollen, painful scrotum, and prostatitis is associated with pain in the perineum. Discharge from the penis can be a sign of an STI. The most common STIs are gonorrhoea and chlamydia. Diagnostic evaluation typically includes a physical examination, medical and sexual history taking, and urine tests such as urinalysis, urine culture, and urethral swabs. "," The most common cause of dysuria (painful urination) in young, sexually active, healthy men is a urinary tract infection (UTI), specifically a urethritis, which is an inflammation of the urethra. This condition is often caused by sexually transmitted infections (STIs), with Chlamydia trachomatis and Neisseria gonorrhoeae being the most common pathogens responsible for urethritis in this demographic. It's important for individuals experiencing symptoms of dysuria to seek medical evaluation and testing for accurate diagnosis and appropriate treatment.","A resposta do sistema de IA está tecnicamente correta, pois identifica a uretrite como a causa mais comum de disúria em homens jovens, sexualmente ativos e saudáveis, e menciona as principais bactérias responsáveis, Chlamydia trachomatis e Neisseria gonorrhoeae. No entanto, a resposta poderia ser mais abrangente, incluindo detalhes sobre a apresentação clínica completa, como dor durante a relação sexual, coceira no pênis, epididimite e prostatite, além de enfatizar a importância da avaliação diagnóstica, incluindo exame físico, história médica e sexual, e exames de urina. Além disso, a resposta do sistema de IA usa o termo ""infecção do trato urinário"" (UTI), que pode ser um pouco amplo, pois a disúria nesse contexto é mais frequentemente associada a uretrite de origem sexualmente transmissível.",Acerto de Diagnóstico,"O modelo identificou corretamente a uretrite como a causa mais comum de disúria em homens jovens, sexualmente ativos e saudáveis, e mencionou a relação com infecções sexualmente transmissíveis, mas poderia ter sido mais abrangente ao incluir detalhes sobre a apresentação clínica completa."
111,Llama-3,3,"The maximal safe amount of Ibuprofen (Advil, Motrin) for healthy adults is 800 milligrams per dose or 3200 mg per day (4 maximum doses), and this dose is only safe as a short-term treatment and not for chronic use. It is safest to use the lowest effective dose for the shortest duration of time in order to avoid unwanted side effects. It is advisable to consult your healthcare provider before the initialization of the medication if you have chronic medical conditions such as renal or hepatic impairment.","As a medical professional, I must emphasize that it's essential to follow the recommended dosage and guidelines for any over-the-counter (OTC) medication, including Advil (ibuprofen). However, I can provide you with some general information and guidelines.

The recommended adult dosage of Advil is 200-400 mg every 4-6 hours, not to exceed 1200 mg in a 24-hour period. However, the safe amount of Advil to take at one time can vary depending on several factors, such as:

1. Age: Children and adolescents should not take Advil without consulting a pediatrician, as the recommended dosage for children is different.
2. Body weight: People with a lower body mass may be more susceptible to adverse effects from taking higher doses of Advil.
3. Medical conditions: Certain medical conditions, such as kidney or liver disease, may require adjusted dosing or closer monitoring.
4. Other medications: Taking Advil with other medications, especially blood thinners, antihypertensives, or diuretics, may increase the risk of adverse effects.

In general, it's recommended to start with the lowest effective dose and gradually increase as needed. Taking more than the recommended dose of Advil can increase the risk of adverse effects, including:

* Gastrointestinal upset (nausea, vomiting, stomach pain)
* Headache
* Dizziness
* Fatigue
* Increased risk of bleeding
* Kidney damage (in rare cases)

It's essential to note that taking more than 800 mg of Advil at one time can increase the risk of serious adverse effects, including:

* Gastrointestinal bleeding
* Kidney damage
* Liver damage

In summary, the most safe amount of Advil to take at one time is the recommended dosage of 200-400 mg, taken every 4-6 hours, not to exceed 1200 mg in a 24-hour period. However, it's crucial","A resposta do sistema de IA é tecnicamente correta, mas omite alguns detalhes importantes sobre a posologia máxima segura de ibuprofeno. Embora mencione a importância de seguir as recomendações de dosagem e os fatores que influenciam a segurança do medicamento, como idade, peso corporal, condições médicas e interações medicamentosas, a resposta não especifica claramente a dose máxima segura de 800 mg por dose ou 3200 mg por dia para adultos saudáveis. Além disso, a resposta destaca a importância de iniciar com a dose eficaz mais baixa e aumentar gradualmente, o que é correto, mas não fornece informações suficientes sobre o uso a longo prazo e as consequências potenciais. Portanto, a resposta está alinhada com as diretrizes clínicas, mas carece de alguns detalhes importantes para uma avaliação completa.",Omissão de Especificação de Dosagem,"O modelo falhou ao não especificar claramente a dose máxima segura de 800 miligramas de ibuprofeno por dose, apesar de mencionar a importância de seguir as recomendações de dosagem."
111,Mistral,4,"The maximal safe amount of Ibuprofen (Advil, Motrin) for healthy adults is 800 milligrams per dose or 3200 mg per day (4 maximum doses), and this dose is only safe as a short-term treatment and not for chronic use. It is safest to use the lowest effective dose for the shortest duration of time in order to avoid unwanted side effects. It is advisable to consult your healthcare provider before the initialization of the medication if you have chronic medical conditions such as renal or hepatic impairment."," The maximum recommended dose of Advil (ibuprofen) for adults is 600 mg at once, or 800 mg for those with more severe pain or those over 65 years old. However, it is important to note that taking more than the recommended dose can increase the risk of side effects, including stomach ulcers, bleeding, and kidney damage.

It is always best to consult with a healthcare professional or pharmacist before taking any medication, especially if you have any pre-existing medical conditions or are taking other medications. They can provide you with personalized advice based on your specific situation.

Additionally, it is important to follow the instructions on the label or prescription, and to not take more than the recommended dose or frequency without consulting a healthcare professional. If you are experiencing persistent pain or inflammation, it may be a sign of an underlying condition that requires further evaluation by a healthcare professional.","A resposta do sistema de IA está próxima do padrão ouro, no entanto, apresenta algumas discrepâncias. A dose máxima recomendada de Advil (ibuprofeno) para adultos é corretamente indicada como 800 mg por dose para casos de dor mais severa, mas a menção de 600 mg como dose padrão para adultos é um pouco confusa, pois o padrão ouro estabelece 800 mg como a dose máxima segura para adultos saudáveis. Além disso, a resposta do sistema de IA não especifica claramente a dose diária máxima de 3200 mg, o que é um detalhe importante para a segurança do paciente. No entanto, a resposta destaca a importância de consultar um profissional de saúde, especialmente para pessoas com condições médicas pré-existentes, e alerta sobre os riscos de efeitos colaterais, o que está alinhado com as diretrizes clínicas.",Discrepância de Dosagem,"O modelo apresentou uma resposta próxima ao padrão ouro, mas com uma discrepância na dose máxima recomendada de Advil, mencionando 600 mg como dose padrão para adultos, enquanto o padrão ouro estabelece 800 mg como a dose máxima segura para adultos saudáveis."
111,Phi-3,3,"The maximal safe amount of Ibuprofen (Advil, Motrin) for healthy adults is 800 milligrams per dose or 3200 mg per day (4 maximum doses), and this dose is only safe as a short-term treatment and not for chronic use. It is safest to use the lowest effective dose for the shortest duration of time in order to avoid unwanted side effects. It is advisable to consult your healthcare provider before the initialization of the medication if you have chronic medical conditions such as renal or hepatic impairment."," It's essential to prioritize safety when taking any medication, including Advil (ibuprofen). The recommended dosage for adults for pain relief and fever reduction is typically 200 to 400 mg every 4 to 6 hours, not exceeding 1200 mg in 24 hours. However, individual needs can vary based on factors like weight, age, and overall health.


For specific medical conditions or concerns, it's crucial to consult a healthcare professional before taking any medication. They can provide personalized advice based on your health status and needs.


Remember, taking more than the recommended dose can increase the risk of side effects, including gastrointestinal issues, kidney problems, and increased risk of heart-related events. Always follow the dosage instructions on the product label or those provided by your healthcare provider.","A resposta do sistema de IA está tecnicamente correta, pois menciona a importância de priorizar a segurança ao tomar qualquer medicação, incluindo o Advil (ibuprofeno), e fornece uma faixa de dosagem recomendada para adultos de 200 a 400 mg a cada 4 a 6 horas, não excedendo 1200 mg em 24 horas. No entanto, a resposta omite a dosagem máxima segura de 800 mg por dose e 3200 mg por dia, que é considerada segura para adultos saudáveis como tratamento de curto prazo. Além disso, a resposta destaca a importância de consultar um profissional de saúde para condições médicas específicas ou preocupações, o que é correto. No entanto, a resposta não fornece detalhes sobre a gestão a longo prazo e não menciona explicitamente a necessidade de usar a dose eficaz mais baixa por um período de tempo mais curto para evitar efeitos colaterais indesejados.",Omissão de Dosagem,"O modelo forneceu uma faixa de dosagem recomendada para adultos, mas falhou ao não mencionar a dosagem máxima segura de 800 mg por dose e 3200 mg por dia, o que é considerado um parâmetro importante para a segurança do paciente."
112,Llama-3,1,"During pregnancy, Methotrexate (Otrexup, Rasuvo, RediTrex) and thalidomide (Contergan, Thalomid) should not be used to treat ulcerative colitis due to high risks for the developing fetus. Instead, aminosalicylates (sulfasalazine and mesalamine), immunomodulators (azathioprine, cyclosporine A,6-mercaptopurine), and corticosteroids are potential options. However, biological agents like Infliximab, Adalimumab, Vedolizumab, and Ustekinumab are usually avoided during pregnancy as their safety in pregnancy is not yet established. Treatment for ulcerative colitis during pregnancy should be tailored by your OBGYN and gastroenterologist.","As an expert medical professional, I must emphasize that the treatment of ulcerative colitis during pregnancy requires careful consideration of the potential risks and benefits of various medications. While some medications may be safe for use during pregnancy, others may pose significant risks to the mother and the fetus. Here are some medications that are contraindicated or should be used with caution in pregnant women with ulcerative colitis:

1. Aminosalicylates (5-ASAs):
	* Sulfasalazine (Azulfidine): Contraindicated due to the risk of birth defects, particularly craniosynostosis and limb abnormalities.
	* Mesalamine (Asacol, Pentasa, Rowasa): May be used during pregnancy, but the manufacturer recommends avoiding use during the first trimester.
2. Corticosteroids:
	* Prednisone: May be used during pregnancy, but high doses (>20 mg/day) may increase the risk of premature birth, low birth weight, and neonatal adrenal insufficiency.
	* Budesonide (Entocort): May be used during pregnancy, as it has a lower systemic bioavailability and is less likely to cross the placenta.
3. Immunomodulators:
	* Azathioprine (Imuran): Contraindicated due to the risk of teratogenic effects, including neural tube defects and limb abnormalities.
	* Mercaptopurine (Purinethol): Contraindicated due to the risk of teratogenic effects, including neural tube defects and limb abnormalities.
4. Biologics:
	* Infliximab (Remicade): Contraindicated due to the risk of fetal exposure to the medication, which may lead to neonatal infections and other complications.
	* Adalimumab (Humira): May be used during pregnancy, but the manufacturer recommends avoiding use during the first trimester.
	* Certolizumab pegol (Cimzia","A resposta do sistema de IA apresenta várias imprecisões e contradições em relação às diretrizes clínicas estabelecidas para o tratamento de colite ulcerativa durante a gravidez. Em primeiro lugar, a aminossalicilato sulfasalazina é considerada segura durante a gravidez, desde que acompanhada de suplementação de ácido folínico, e não é contraindicada devido ao risco de defeitos de nascimento. Além disso, a mesalamina é considerada segura durante a gravidez e não há recomendação para evitar seu uso no primeiro trimestre. Já os corticosteroides, como a prednisona, podem ser usados durante a gravidez, mas com cautela devido aos riscos potenciais. Os imunomoduladores azatioprina e mercaptopurina são considerados relativamente seguros durante a gravidez, especialmente quando comparados a outros medicamentos, e não são contraindicados. Por fim, os agentes biológicos, como infliximab e adalimumab, devem ser evitados durante a gravidez devido à falta de dados sobre sua segurança, mas não são totalmente contraindicados. Portanto, a resposta do sistema de IA contém erros críticos e não está alinhada com as diretrizes clínicas estabelecidas.",Omissão de Informações Específicas,"O modelo falhou ao não fornecer uma lista clara e precisa de medicamentos contraindicados para mulheres grávidas com colite ulcerativa, além de não especificar as condições de uso seguro de certos medicamentos, como a sulfasalazina com suplementação de ácido folínico."
112,Mistral,2,"During pregnancy, Methotrexate (Otrexup, Rasuvo, RediTrex) and thalidomide (Contergan, Thalomid) should not be used to treat ulcerative colitis due to high risks for the developing fetus. Instead, aminosalicylates (sulfasalazine and mesalamine), immunomodulators (azathioprine, cyclosporine A,6-mercaptopurine), and corticosteroids are potential options. However, biological agents like Infliximab, Adalimumab, Vedolizumab, and Ustekinumab are usually avoided during pregnancy as their safety in pregnancy is not yet established. Treatment for ulcerative colitis during pregnancy should be tailored by your OBGYN and gastroenterologist."," During pregnancy, certain medications used to treat ulcerative colitis may pose risks to the developing fetus. Here are some medications that are generally contraindicated or require caution in pregnant women with ulcerative colitis:

1. Corticosteroids: High-dose systemic corticosteroids are contraindicated during the third trimester due to the risk of fetal growth restriction and other complications. However, low-dose corticosteroids may be used during the first and second trimesters if the benefits outweigh the risks.

2. Thiopurines (Azathioprine and 6-Mercaptopurine): These medications are generally considered safe in pregnant women with ulcerative colitis, but there is a risk of fetal teratogenicity, particularly during the first trimester. The benefits of continuing thiopurines during pregnancy should be weighed against the potential risks.

3. Methotrexate: This medication is contraindicated during pregnancy due to its teratogenic effects.

4. Biologic agents (Infliximab, Adalimumab, Vedolizumab): There is limited data on the safety of biologic agents during pregnancy. Some studies suggest that infliximab may be safe in the second and third trimesters, but more data is needed. Adalimumab and vedolizumab are generally avoided during pregnancy due to the lack of safety data.

5. Sulfasalazine: Sulfasalazine is generally considered safe during pregnancy, but high doses may increase the risk of preterm labor and low birth weight.

6. Antibiotics: Antibiotics are generally considered safe during pregnancy, but some antibiotics, such as tetracyclines and fluoroquinolones, should","A resposta do sistema de IA apresenta várias imprecisões em relação ao padrão ouro. Em primeiro lugar, os corticosteroides não são contraindicados durante a gravidez, mas sim devem ser usados com cautela, especialmente em doses altas. Além disso, a resposta do sistema de IA não menciona explicitamente a contraindicação de talidomida, que é um medicamento com alto risco para o feto. Já os tiopurinas (azatioprina e 6-mercaptopurina) são considerados seguros durante a gravidez, desde que os benefícios superem os riscos. A resposta também apresenta informações contraditórias sobre os agentes biológicos, como infliximab, adalimumab e vedolizumab, que devem ser evitados durante a gravidez devido à falta de dados de segurança. Por fim, a resposta do sistema de IA não fornece uma abordagem clara e personalizada para o tratamento de colite ulcerativa durante a gravidez, como recomendado pelo padrão ouro.",Omissão de Informações Específicas,"O modelo falhou ao não mencionar explicitamente a contraindicação de talidomida e ao incluir corticosteroides como contraindicados, quando na verdade devem ser usados com cautela, além de não fornecer uma lista precisa de medicamentos contraindicados para mulheres grávidas com colite ulcerativa."
112,Phi-3,2,"During pregnancy, Methotrexate (Otrexup, Rasuvo, RediTrex) and thalidomide (Contergan, Thalomid) should not be used to treat ulcerative colitis due to high risks for the developing fetus. Instead, aminosalicylates (sulfasalazine and mesalamine), immunomodulators (azathioprine, cyclosporine A,6-mercaptopurine), and corticosteroids are potential options. However, biological agents like Infliximab, Adalimumab, Vedolizumab, and Ustekinumab are usually avoided during pregnancy as their safety in pregnancy is not yet established. Treatment for ulcerative colitis during pregnancy should be tailored by your OBGYN and gastroenterologist."," When treating ulcerative colitis in pregnant women, it is crucial to balance the need for effective management of the condition with the safety of the fetus. Some medications commonly used to treat ulcerative colitis are contraindicated or used with caution during pregnancy due to potential risks. Here is a list of medications generally contraindicated or used with caution:


1. **Aminosalicylates (5-ASAs)**: While 5-ASAs like mesalamine are considered relatively safe during pregnancy, they should be used with caution, and the lowest effective dose should be used.


2. **Sulfasalazine**: This medication is generally avoided during the first trimester due to potential risks of congenital malformations.


3. **Methotrexate**: This is a potent immunosuppressant and is contraindicated during pregnancy due to its teratogenic effects.


4. **Corticosteroids**: Prednisone and other corticosteroids are used with caution during pregnancy, as they can potentially cause low birth weight and other complications.


5. **Immunomodulators (e.g., azathioprine, 6-mercaptopurine)**: These are generally avoided during pregnancy due to potential risks to the fetus, including congenital malformations.


6. **Biologics (e.g., infliximab, adalimumab, vedolizumab)**: These are typically avoided during pregnancy, especially during the first trimester, due to potential risks to the fetus.


7. **Antibiotics","A resposta do sistema de IA apresenta várias imprecisões em relação às diretrizes clínicas estabelecidas para o tratamento de colite ulcerativa em mulheres grávidas. Em primeiro lugar, a classificação das aminosalicylates (5-ASAs) como medicamentos a serem usados com cautela é parcialmente correta, pois esses medicamentos, como a mesalamina, são considerados relativamente seguros durante a gravidez, mas a resposta do IA não destaca claramente que eles são uma opção de tratamento viável. Além disso, a menção à sulfasalazina como sendo geralmente evitada durante o primeiro trimestre está correta, mas a resposta não fornece uma visão clara sobre sua utilização em outros trimestres. A contraindicação do metotrexato está correta devido aos seus efeitos teratogênicos. No entanto, a abordagem dos corticosteroides é confusa, pois eles podem ser usados durante a gravidez, especialmente quando os benefícios superam os riscos, e não são necessariamente ""usados com cautela"" de forma generalizada. A afirmação de que os imunomoduladores, como azatioprina, são geralmente evitados durante a gravidez é incorreta, pois esses medicamentos podem ser usados quando necessário, sob monitoramento cuidadoso. A abordagem dos biológicos, como infliximab e adalimumab, também está incorreta, pois, embora sua segurança durante a gravidez não esteja totalmente estabelecida, eles não são automaticamente contraindicados e podem ser considerados em casos específicos. Por fim, a menção a antibióticos parece ser incompleta e não fornece informações úteis no contexto do tratamento da colite ulcerativa durante a gravidez.",Omissão de Especificação de Medicamentos Seguros,"O modelo falhou ao não especificar claramente quais medicamentos são seguros para uso durante a gravidez, como a mesalamina, e não forneceu uma lista completa de medicamentos contraindicados, apenas mencionando a necessidade de cautela de forma geral."
113,Llama-3,3,"The average body temperature ranges from 35.3 to 37.7°C (95.5 to 99.9°F), and anything above 37.8°C (100.0°F) is typically considered a fever. Fevers are commonly associated with infectious diseases, but can also be a symptom of autoimmune and autoinflammatory conditions. Treating a fever can help alleviate accompanying symptoms like headaches, muscle and joint pain, or febrile seizures in children. Medications like acetaminophen (paracetamol) or non-steroidal anti-inflammatory drugs (NSAIDs) such as ibuprofen can be used to lower fever. Acetaminophen is usually recommended first due to fewer side effects than NSAIDs, but short-term use of either drug is safe for healthy individuals without kidney or liver impairment. While viral fevers generally resolve on their own and do not require further treatment, cases of high or prolonged fever or additional symptoms require medical attention and diagnosis. It's important to consult with a physician in these cases.","A fever is a common symptom that can occur in people of all ages. As a medical professional, I'll provide you with evidence-based guidance on what to do if you get a fever.

**What is a fever?**

A fever is a body temperature above the normal range of 98.6°F (37°C). In adults, a fever is typically defined as a temperature of 100.4°F (38°C) or higher, while in children, it's often considered a fever if their temperature is 100.4°F (38°C) or higher.

**What causes a fever?**

Fever is a natural response of the body to infection, inflammation, or other underlying conditions. It's a way for the body to fight off pathogens and promote healing. Common causes of fever include:

1. Infections (e.g., respiratory, urinary, or skin infections)
2. Inflammatory conditions (e.g., arthritis, gout, or inflammatory bowel disease)
3. Viral infections (e.g., flu, common cold, or viral gastroenteritis)
4. Bacterial infections (e.g., pneumonia, meningitis, or sepsis)
5. Medications (e.g., antibiotics, antihistamines, or certain antidepressants)

**What to do if you get a fever:**

1. **Monitor your temperature**: Use a thermometer to check your temperature regularly. You can use a digital thermometer or a mercury thermometer.
2. **Stay hydrated**: Drink plenty of fluids, such as water, clear broth, or electrolyte-rich beverages like sports drinks. Aim for at least 8-10 glasses of fluid per day.
3. **Rest**: Fever can make you feel tired and weak. Rest and avoid strenuous activities to help your body recover.
4. **Take over-the-counter medications**: Acetaminophen (Tylenol) or ibuprofen (Advil, Motrin) can help reduce fever and alleviate symptoms like headache","A resposta do sistema de IA é tecnicamente correta, pois define corretamente o que é uma febre, suas causas e fornece orientações gerais sobre como proceder em caso de febre. No entanto, a resposta omite alguns passos importantes de segurança, como a necessidade de consultar um médico em casos de febre alta ou prolongada, ou em presença de outros sintomas. Além disso, a resposta não fornece detalhes sobre a dosagem e a duração do tratamento com medicamentos, o que é fundamental para evitar efeitos colaterais. A resposta também não menciona a importância de considerar as condições de saúde pré-existentes, como doenças renais ou hepáticas, antes de tomar medicamentos. Portanto, a resposta está alinhada com a conduta padrão, mas carece de detalhes importantes sobre segurança e gestão a longo prazo.",Omissão de Orientações Específicas,"A resposta do modelo define corretamente o que é uma febre, mas omite passos importantes de segurança, como a necessidade de consultar um médico em casos de febre alta ou prolongada, ou em presença de outros sintomas, e não fornece detalhes sobre como tratar a febre de forma eficaz."
113,Mistral,4,"The average body temperature ranges from 35.3 to 37.7°C (95.5 to 99.9°F), and anything above 37.8°C (100.0°F) is typically considered a fever. Fevers are commonly associated with infectious diseases, but can also be a symptom of autoimmune and autoinflammatory conditions. Treating a fever can help alleviate accompanying symptoms like headaches, muscle and joint pain, or febrile seizures in children. Medications like acetaminophen (paracetamol) or non-steroidal anti-inflammatory drugs (NSAIDs) such as ibuprofen can be used to lower fever. Acetaminophen is usually recommended first due to fewer side effects than NSAIDs, but short-term use of either drug is safe for healthy individuals without kidney or liver impairment. While viral fevers generally resolve on their own and do not require further treatment, cases of high or prolonged fever or additional symptoms require medical attention and diagnosis. It's important to consult with a physician in these cases."," If you have a fever, there are several steps you can take to help manage your symptoms and feel more comfortable:

1. Rest: Try to get plenty of rest to help your body fight the infection.
2. Stay hydrated: Drink plenty of fluids, such as water, juice, or broth, to help prevent dehydration.
3. Use a cool compress: Placing a cool compress on your forehead or the back of your neck can help bring down your fever and make you feel more comfortable.
4. Dress in light clothing: Wearing light clothing can help your body release heat and help you feel cooler.
5. Take over-the-counter medication: Over-the-counter medications, such as acetaminophen or ibuprofen, can help reduce fever and relieve pain. Be sure to follow the instructions on the label carefully.
6. Contact your healthcare provider: If your fever is high or lasts for more than a few days, or if you have other symptoms, such as difficulty breathing or severe pain, you should contact your healthcare provider for further evaluation.

It's important to note that a fever is often a sign that your body is fighting an infection, and it's usually not necessary to treat the fever itself unless it's causing significant discomfort or making it difficult for you to function. However, if you have a chronic condition or are elderly, a fever can be more serious, so it's always a good idea to consult with your healthcare provider if you have concerns.","A resposta do sistema de IA é tecnicamente correta e aborda as principais medidas para gerenciar os sintomas de febre, incluindo repouso, hidratação, uso de compressas frias, vestuário leve e medicação de venda livre. Além disso, destaca a importância de procurar atendimento médico em casos de febre alta ou prolongada, ou quando acompanhada de outros sintomas graves. No entanto, falta uma menção explícita sobre a faixa de temperatura considerada febre e não há uma discussão detalhada sobre a patofisiologia ou as condições subjacentes que podem causar febre, como doenças infecciosas, autoimunes ou autoinflamatórias. A resposta também não fornece informações sobre a escolha entre acetaminofeno e ibuprofeno com base na presença de doenças renais ou hepáticas, o que é um aspecto importante para garantir a segurança do paciente.",Omissão de Informação Específica,"O modelo acertou ao fornecer medidas gerais para gerenciar os sintomas de febre, como repouso, hidratação e uso de compressas frias, mas falhou ao não mencionar explicitamente a importância de monitorar a temperatura corporal e buscar atendimento médico em casos específicos, como febre alta ou prolongada em crianças, idosos ou pessoas com condições médicas pré-existentes."
113,Phi-3,4,"The average body temperature ranges from 35.3 to 37.7°C (95.5 to 99.9°F), and anything above 37.8°C (100.0°F) is typically considered a fever. Fevers are commonly associated with infectious diseases, but can also be a symptom of autoimmune and autoinflammatory conditions. Treating a fever can help alleviate accompanying symptoms like headaches, muscle and joint pain, or febrile seizures in children. Medications like acetaminophen (paracetamol) or non-steroidal anti-inflammatory drugs (NSAIDs) such as ibuprofen can be used to lower fever. Acetaminophen is usually recommended first due to fewer side effects than NSAIDs, but short-term use of either drug is safe for healthy individuals without kidney or liver impairment. While viral fevers generally resolve on their own and do not require further treatment, cases of high or prolonged fever or additional symptoms require medical attention and diagnosis. It's important to consult with a physician in these cases."," If you get a fever, here are some steps you can take:

1. Rest: Your body needs energy to fight off the infection causing the fever. Make sure to get plenty of sleep and avoid strenuous activities.

2. Stay hydrated: Drink plenty of fluids like water, herbal teas, and clear broths to prevent dehydration.

3. Monitor your fever: Keep track of your temperature using a thermometer. A fever is generally considered to be a body temperature of 100.4°F (38°C) or higher.

4. Over-the-counter medication: You can take over-the-counter medications like acetaminophen (Tylenol) or ibuprofen (Advil, Motrin) to help reduce your fever and alleviate any associated discomfort.

5. Dress in light clothing: Wearing light, loose-fitting clothing can help your body regulate its temperature.

6. Cool compresses: Applying a cool, damp cloth to your forehead or the back of your neck can help lower your body temperature.

7. Seek medical attention: If your fever persists for more than a few days, is very high, or is accompanied by other concerning symptoms, seek medical attention.

8. Follow your doctor's advice: If your doctor prescribes antibiotics or other medications, make sure to follow their instructions carefully.

Remember, fevers are a natural response to infection and are often a sign that your immune system is working to fight off the underlying cause. However, if you are concerned about your fever or have other symptoms, it is always best to consult a healthcare professional.","A resposta do sistema de IA é geralmente correta e segue as diretrizes clínicas padrão para o manejo de febre. Ela inclui recomendações apropriadas para repouso, hidratação, monitoramento da febre, uso de medicamentos de venda livre como acetaminofeno ou ibuprofeno, e busca por atenção médica quando necessário. Além disso, a resposta destaca a importância de seguir as instruções do médico e de consultar um profissional de saúde se houver preocupações ou sintomas adicionais. No entanto, a resposta poderia ser mais detalhada em relação ao manejo a longo prazo e às considerações específicas para populações vulneráveis, como crianças e idosos. Além disso, a definição de febre apresentada (100.4°F ou 38°C) é ligeiramente diferente da apresentada no padrão ouro (acima de 37.8°C ou 100.0°F), mas não é significativamente diferente em termos clínicos.",Acerto de Diretriz,"O modelo seguiu as diretrizes clínicas padrão para o manejo de febre, incluindo recomendações para repouso, hidratação e uso de medicamentos de venda livre, demonstrando uma abordagem correta e segura para o tratamento de febre."
114,Llama-3,3,"Folliculitis is most commonly caused by the bacteria Staphylococcus aureus. Other bacteria like Staphylococcus epidermidis, Staphylococcus capitis, Pseudomonas aeruginosa have also been linked to folliculitis. Additionally, folliculitis can be caused by less common factors such as viruses, fungi, parasites, and non-infectious diseases.","Folliculitis is a common skin condition characterized by inflammation of the hair follicles, typically caused by bacterial infection. The most common types of bacteria that cause folliculitis are:

1. Staphylococcus aureus (S. aureus): This is the most common cause of folliculitis, accounting for approximately 80% of cases. S. aureus is a gram-positive bacterium that is commonly found on the skin and can cause a range of infections, including folliculitis, cellulitis, and abscesses.
2. Pseudomonas aeruginosa (P. aeruginosa): This gram-negative bacterium is also a common cause of folliculitis, particularly in people with compromised immune systems, such as those with diabetes or those who are taking immunosuppressive therapy.
3. Streptococcus pyogenes (S. pyogenes): This gram-positive bacterium can also cause folliculitis, although it is less common than S. aureus.
4. Klebsiella pneumoniae (K. pneumoniae): This gram-negative bacterium is occasionally associated with folliculitis, particularly in people with underlying medical conditions such as diabetes or kidney disease.

Folliculitis can also be caused by other factors, including:

* Ingrown hairs
* Clogged pores
* Friction or irritation
* Skin conditions such as acne, eczema, or psoriasis
* Poor hygiene or sharing personal care items

It's important to note that folliculitis can be caused by a combination of bacterial and non-bacterial factors, and may require antibiotic treatment to clear the infection. If you suspect you have folliculitis, it's important to consult with a healthcare professional for proper diagnosis and treatment.","A resposta do sistema de IA é tecnicamente correta, pois identifica Staphylococcus aureus como a bactéria mais comum causadora de folículos. No entanto, omite outras bactérias importantes, como Staphylococcus epidermidis e Staphylococcus capitis, que também estão associadas à folículos. Além disso, inclui bactérias como Streptococcus pyogenes e Klebsiella pneumoniae, que não são comumente associadas à folículos. A resposta também aborda fatores não infecciosos que podem contribuir para a condição, o que é um ponto positivo. No entanto, a resposta poderia ser mais precisa e abrangente, incluindo todas as bactérias relevantes e fatores causais.",Omissão de Informações Adicionais,"O modelo acertou ao identificar Staphylococcus aureus como a bactéria mais comum causadora de folículos, mas falhou ao não mencionar outras bactérias importantes como Staphylococcus epidermidis e Staphylococcus capitis, e incluiu bactérias não relevantes."
114,Mistral,2,"Folliculitis is most commonly caused by the bacteria Staphylococcus aureus. Other bacteria like Staphylococcus epidermidis, Staphylococcus capitis, Pseudomonas aeruginosa have also been linked to folliculitis. Additionally, folliculitis can be caused by less common factors such as viruses, fungi, parasites, and non-infectious diseases."," Folliculitis is an inflammatory condition of the hair follicles, and it can be caused by various types of bacteria. The most common bacterial causes are Staphylococcus aureus and Streptococcus species. These bacteria can enter the follicles through trauma, such as shaving, or through minor skin injuries. Other less common bacteria that can cause folliculitis include Pseudomonas aeruginosa, Escherichia coli, and Proteus mirabilis. The specific type of bacteria that causes folliculitis can vary depending on the individual case and the specific location on the body where the infection occurs.","A resposta do sistema de IA está próxima da resposta padrão ouro, no entanto, apresenta algumas discrepâncias. A resposta correta destaca Staphylococcus aureus como a bactéria mais comum causadora de folículos, o que está alinhado com a resposta do sistema de IA. No entanto, a resposta do sistema de IA inclui Streptococcus species como uma das causas mais comuns, o que não é mencionado na resposta padrão ouro. Além disso, a resposta do sistema de IA menciona Escherichia coli e Proteus mirabilis como causas menos comuns, que não são mencionadas na resposta padrão ouro. Por outro lado, a resposta do sistema de IA não menciona Staphylococcus epidermidis e Staphylococcus capitis, que são mencionados na resposta padrão ouro como causas de folículos. Portanto, a resposta do sistema de IA está tecnicamente correta, mas omite algumas informações importantes e inclui outras que não são mencionadas na resposta padrão ouro.",Inclusão de Informação Incorreta,"O modelo incluiu Streptococcus species como uma das causas mais comuns de Folliculitis, o que não está alinhado com a resposta padrão ouro, que destaca Staphylococcus aureus como a bactéria mais comum causadora da condição."
114,Phi-3,4,"Folliculitis is most commonly caused by the bacteria Staphylococcus aureus. Other bacteria like Staphylococcus epidermidis, Staphylococcus capitis, Pseudomonas aeruginosa have also been linked to folliculitis. Additionally, folliculitis can be caused by less common factors such as viruses, fungi, parasites, and non-infectious diseases."," Folliculitis, an inflammation of the hair follicles, can be caused by a variety of bacteria, but the most common causative agent is Staphylococcus aureus. This bacterium is a part of the normal flora of the skin but can cause infection when it enters the hair follicles, often due to minor skin trauma, excessive sweating, or occlusion of the follicles.


Other bacteria that can cause folliculitis include:

- Cutibacterium acnes (formerly known as Propionibacterium acnes), which is commonly associated with acne folliculitis.

- Pseudomonas aeruginosa, which can cause hot tub folliculitis, particularly in cases related to contaminated water.


It's important to note that folliculitis can also be caused by fungi or viruses, but bacterial infections are the most common. Diagnosis typically involves clinical examination and may be supported by bacterial culture or other laboratory tests.","A resposta do sistema de IA está tecnicamente correta, pois identifica o Staphylococcus aureus como o agente causador mais comum da foliculite. Além disso, menciona outros tipos de bactérias que podem causar a doença, como Cutibacterium acnes e Pseudomonas aeruginosa, embora não faça menção explícita a Staphylococcus epidermidis e Staphylococcus capitis, que também estão associados à foliculite. A resposta também aborda a possibilidade de causas não bacterianas, como fungos e vírus, e destaca a importância do exame clínico e de testes laboratoriais para o diagnóstico. No entanto, a resposta poderia ser mais abrangente se incluísse todas as causas possíveis mencionadas no padrão-ouro.",Acerto de Identificação,"O modelo identificou corretamente o Staphylococcus aureus como o agente causador mais comum da foliculite, mas falhou ao não mencionar explicitamente Staphylococcus epidermidis e Staphylococcus capitis, que também estão associados à doença."
115,Llama-3,3,"Meningitis is when the tissues surrounding the brain and spinal cord become inflamed, most commonly due to an infection. Several species of bacteria, viruses, fungi, and parasites can cause this infection. Symptoms of meningitis usually include high fever, headaches, and sensitivity to light or sounds, and may consist of neck pain when bending over. A diagnosis is made through a lumbar puncture, which evaluates the cerebrospinal fluid (CSF) surrounding the brain and spinal cord. Immediate treatment is essential and should be based on the cause of the meningitis. ","Meningitis is a serious and potentially life-threatening infection that occurs when the protective membranes (meninges) surrounding the brain and spinal cord become inflamed. This inflammation can be caused by a variety of pathogens, including bacteria, viruses, and fungi.

There are several types of meningitis, including:

1. Bacterial meningitis: This is the most severe and potentially life-threatening form of meningitis. It is caused by bacteria such as Neisseria meningitidis (meningococcus), Streptococcus pneumoniae, and Haemophilus influenzae type b (Hib). Bacterial meningitis can progress rapidly and can lead to serious complications, such as brain damage, hearing loss, and even death.
2. Viral meningitis: This is a less severe form of meningitis that is caused by viruses such as enteroviruses, herpesviruses, and arboviruses. Viral meningitis is typically self-limiting, meaning that it will resolve on its own without treatment.
3. Fungal meningitis: This is a rare form of meningitis that is caused by fungi such as Cryptococcus neoformans and Aspergillus species. Fungal meningitis is typically seen in people with weakened immune systems, such as those with HIV/AIDS or undergoing chemotherapy.

The symptoms of meningitis can vary depending on the type of infection and the individual's age and overall health. Common symptoms of meningitis include:

* Severe headache
* Fever
* Stiff neck
* Confusion or disorientation
* Vomiting
* Sensitivity to light
* Rash (in some cases)

Meningitis can be diagnosed using a combination of physical examination, medical history, and laboratory tests, including:

* Lumbar puncture (spinal tap): This involves inserting a needle into the lower back to collect a sample of cerebrospinal fluid (CSF) for examination.
* Blood tests: These can help identify the presence of","A resposta do sistema de IA é tecnicamente correta e aborda a definição, os tipos e os sintomas da meningite de forma detalhada. No entanto, falta uma menção explícita sobre a importância do tratamento imediato baseado na causa da meningite, o que é um aspecto crucial para a conduta clínica. Além disso, a resposta não fornece informações sobre o manejo a longo prazo, o que é importante para a recuperação e prevenção de complicações. A resposta também não menciona a necessidade de avaliar a presença de sinais vitais clássicos, como a febre, a dor de cabeça e a sensibilidade à luz, que são fundamentais para o diagnóstico. No entanto, a resposta fornece uma boa visão geral sobre a doença e seus tipos, e destaca a importância da punção lombar para o diagnóstico.",Omissão de Informações Cruciais,"O modelo forneceu uma definição tecnicamente correta da meningite, abordando a inflamação das meninges e os possíveis patógenos, mas falhou ao não mencionar explicitamente a importância do tratamento imediato baseado na causa da meningite e não forneceu informações sobre o manejo a longo prazo, aspectos essenciais para a conduta clínica adequada."
115,Mistral,3,"Meningitis is when the tissues surrounding the brain and spinal cord become inflamed, most commonly due to an infection. Several species of bacteria, viruses, fungi, and parasites can cause this infection. Symptoms of meningitis usually include high fever, headaches, and sensitivity to light or sounds, and may consist of neck pain when bending over. A diagnosis is made through a lumbar puncture, which evaluates the cerebrospinal fluid (CSF) surrounding the brain and spinal cord. Immediate treatment is essential and should be based on the cause of the meningitis. "," Meningeitis is an inflammatory condition of the meninges, which are the thin layers of tissue that cover the brain and spinal cord. It is typically caused by an infection, most commonly bacterial or viral. The symptoms of meningitis can include severe headache, neck stiffness, fever, and altered mental status. It is a serious condition that requires prompt medical attention, as it can lead to complications if left untreated. If you suspect that you or someone you know may have meningitis, it is important to seek medical care right away.","A resposta do sistema de IA é tecnicamente correta, pois descreve a meningite como uma condição inflamatória das meninges, causada principalmente por infecções bacterianas ou virais, e lista sintomas como dor de cabeça severa, rigidez no pescoço, febre e alteração do estado mental. No entanto, a resposta omite detalhes importantes sobre a diagnose, como a punção lombar para avaliar o líquido cefalorraquidiano (LCR), e não fornece informações sobre o tratamento baseado na causa da meningite. Além disso, a resposta não menciona a possibilidade de outras causas, como fungos ou parasitas, e não destaca a importância da avaliação dos sinais vitais clássicos. Portanto, a resposta está alinhada com a conduta padrão, mas carece de detalhes importantes sobre diagnóstico e tratamento.",Omissão de Detalhes Diagnósticos,"O modelo acertou ao descrever a meningite como uma condição inflamatória das meninges, causada principalmente por infecções bacterianas ou virais, e listou sintomas como dor de cabeça severa, rigidez no pescoço, febre e alteração do estado mental, mas falhou ao não mencionar detalhes importantes sobre a diagnose, como a punção lombar para avaliar o líquido cefalorraquidiano."
115,Phi-3,4,"Meningitis is when the tissues surrounding the brain and spinal cord become inflamed, most commonly due to an infection. Several species of bacteria, viruses, fungi, and parasites can cause this infection. Symptoms of meningitis usually include high fever, headaches, and sensitivity to light or sounds, and may consist of neck pain when bending over. A diagnosis is made through a lumbar puncture, which evaluates the cerebrospinal fluid (CSF) surrounding the brain and spinal cord. Immediate treatment is essential and should be based on the cause of the meningitis. "," Meningitis is an inflammation of the protective membranes covering the brain and spinal cord, known collectively as the meninges. This inflammation is usually caused by an infection of the meninges, which can be due to various infectious agents, including bacteria, viruses, fungi, and parasites. Meningitis can be a severe and life-threatening condition if not treated promptly.

The symptoms of meningitis can vary depending on the cause, but common signs and symptoms may include:

1. Sudden high fever
2. Severe headache
3. Stiff neck
4. Nausea and vomiting
5. Sensitivity to light (photophobia)
6. Confusion or altered mental state
7. Seizures
8. Sleepiness or difficulty waking up
9. Lack of appetite or thirst
10. Skin rash (in some cases, such as meningococcal meningitis)

The most common causes of bacterial meningitis are Streptococcus pneumoniae, Neisseria meningitidis, and Haemophilus influenzae. Viral meningitis is usually less severe and often resolves without specific treatment. Fungal and parasitic meningitis are less common and typically occur in individuals with weakened immune systems.

Treatment for meningitis depends on the cause. Bacterial meningitis requires immediate administration of intravenous antibiotics, while viral meningitis may only require supportive care, such as rest, hydration, and pain management. In some cases, antiviral medications may be used to treat specific viral infections.

Prevent","A resposta do sistema de IA é tecnicamente correta e aborda a definição, causas, sintomas e tratamento da meningite de forma detalhada e precisa. No entanto, falta uma menção explícita à punção lombar como método de diagnóstico e não há uma discussão mais aprofundada sobre o manejo a longo prazo e as possíveis complicações da meningite. Além disso, a resposta não apresenta uma estrutura de apresentação dos tópicos tão clara e concisa quanto a do Gold Standard.",Omissão de Detalhes de Diagnóstico e Manejo,"O modelo acertou a definição e as causas da meningite, mas falhou ao não mencionar explicitamente a punção lombar como método de diagnóstico e não discutiu aprofundadamente o manejo a longo prazo e as possíveis complicações da doença."
116,Llama-3,4,"A colonoscopy is a medical procedure that examines your large intestine or colon. A thin, flexible, lighted tube with a small camera is inserted through your rectum and into your colon. This procedure can be used to prevent and detect colon cancer by evaluating the colon lining. During this exam, polyps, which are growths that could be cancerous, are detected and evaluated. In some cases, they may be removed and sent for a biopsy. In addition, colonoscopy may also be used to diagnose other gastrointestinal issues such as chronic diarrhea, bloody stools, weight loss, and abdominal pain. If any abnormalities are found, the colonoscopy can help detect the cause. ","A colonoscopy is a diagnostic procedure that allows a healthcare provider to visually examine the inside of the colon (large intestine) and rectum using a flexible tube called a colonoscope. The procedure typically involves the following steps:

1. Preparation: The patient is required to follow a special diet and take laxatives or colon cleansing medications to clear the colon of stool and gas.
2. Sedation: The patient is given sedation to help them relax and feel more comfortable during the procedure.
3. Insertion: The colonoscope is inserted through the rectum and guided through the colon, allowing the healthcare provider to visually examine the lining of the colon.
4. Visualization: The colonoscope is equipped with a camera and light on the end, which transmits images of the colon lining to a monitor. The healthcare provider can see any abnormalities, such as polyps, ulcers, or inflammation.

What a colonoscopy might show:

1. Normal colon: A normal colonoscopy would show a healthy, pinkish-red lining with no abnormalities, polyps, or lesions.
2. Polyps: Colonoscopy can detect polyps, which are growths that can be benign or cancerous. Benign polyps are typically small and can be removed during the procedure. Cancerous polyps are typically larger and may require further evaluation and treatment.
3. Adenomas: Adenomas are a type of polyp that can develop into colon cancer if left untreated. Colonoscopy can detect adenomas and allow for removal, which can reduce the risk of colon cancer.
4. Inflammatory bowel disease (IBD): Colonoscopy can show signs of IBD, such as inflammation, ulcers, and narrowing of the colon.
5. Diverticula: Diverticula are small pouches that can form in the colon wall, which can become inflamed and cause symptoms.
6. Cancer: Colonoscopy can detect colon cancer, which typically appears as a","A resposta do sistema de IA é tecnicamente correta e aborda os principais aspectos da colonoscopia, incluindo a preparação, sedação, inserção do colonoscópio e visualização da linhas do cólon. Além disso, a resposta lista várias condições que podem ser detectadas durante a colonoscopia, como pólipos, adenomas, doença inflamatória intestinal, diverticulas e câncer. No entanto, a resposta não fornece detalhes sobre a importância da colonoscopia na prevenção e detecção precoce do câncer de cólon, nem sobre a necessidade de acompanhamento e monitoramento após a procedimento. Além disso, a resposta não menciona a possibilidade de biópsia e estudo histopatológico das lesões detectadas durante a colonoscopia.",Omissão de Detalhes,"O modelo forneceu uma resposta tecnicamente correta sobre a colonoscopia, abordando os principais aspectos do procedimento, mas falhou ao não fornecer uma resposta direta à pergunta sobre o que a colonoscopia mostraria, não especificando claramente os resultados ou achados que o exame pode revelar."
116,Mistral,4,"A colonoscopy is a medical procedure that examines your large intestine or colon. A thin, flexible, lighted tube with a small camera is inserted through your rectum and into your colon. This procedure can be used to prevent and detect colon cancer by evaluating the colon lining. During this exam, polyps, which are growths that could be cancerous, are detected and evaluated. In some cases, they may be removed and sent for a biopsy. In addition, colonoscopy may also be used to diagnose other gastrointestinal issues such as chronic diarrhea, bloody stools, weight loss, and abdominal pain. If any abnormalities are found, the colonoscopy can help detect the cause. "," A colonoscopy is a diagnostic medical procedure used to examine the entire length of the large intestine (colon) and the rectum for signs of disease. During the procedure, a flexible, lighted tube called a colonoscope is inserted into the anus and slowly advanced through the rectum and colon. The colonoscope has a camera and a channel that allows the doctor to see the lining of the intestinal wall, take biopsies, and remove polyps.

A colonoscopy can detect various conditions, including:

1. Inflammatory bowel disease (IBD), such as ulcerative colitis and Crohn's disease.
2. Colorectal cancer and precancerous polyps.
3. Diverticular disease.
4. Infections, such as bacterial or parasitic infections.
5. Inflammation, ulcers, or bleeding in the colon or rectum.
6. Irritable bowel syndrome (IBS) and other functional gastrointestinal disorders.

The results of a colonoscopy can help your doctor make an accurate diagnosis, develop a treatment plan, and monitor the progression of certain conditions. Regular colonoscopies are also recommended for individuals at average risk of colorectal cancer starting at age 45 to help prevent and detect this disease early.","A resposta do sistema de IA é tecnicamente correta e abrange os principais aspectos da colonoscopia, incluindo a descrição do procedimento, as condições que podem ser detectadas e a importância da realização regular da colonoscopia para prevenção e detecção precoce do câncer colorretal. No entanto, falta uma menção explícita à capacidade de remover pólipos e enviar para biópsia durante o procedimento, o que é um aspecto importante da colonoscopia. Além disso, a resposta não apresenta uma descrição detalhada das outras aplicações clínicas da colonoscopia, como no caso de diarreia crônica, fezes sanguinolentas, perda de peso e dor abdominal, como mencionado no padrão ouro. Portanto, a resposta está alinhada com as diretrizes clínicas, mas carece de alguns detalhes importantes para uma avaliação completa.",Acerto de Descrição,"O modelo descreveu corretamente o procedimento de colonoscopia, incluindo a utilização de um tubo flexível com câmera, mas falhou ao não mencionar explicitamente a capacidade de remover pólipos e realizar biópsias durante o procedimento."
116,Phi-3,4,"A colonoscopy is a medical procedure that examines your large intestine or colon. A thin, flexible, lighted tube with a small camera is inserted through your rectum and into your colon. This procedure can be used to prevent and detect colon cancer by evaluating the colon lining. During this exam, polyps, which are growths that could be cancerous, are detected and evaluated. In some cases, they may be removed and sent for a biopsy. In addition, colonoscopy may also be used to diagnose other gastrointestinal issues such as chronic diarrhea, bloody stools, weight loss, and abdominal pain. If any abnormalities are found, the colonoscopy can help detect the cause. "," A colonoscopy is a medical procedure that allows a doctor, usually a gastroenterologist, to examine the inner lining of the large intestine (colon) and the distal part of the small intestine (the terminal ileum) using a flexible, lighted instrument called a colonoscope. Here's what a colonoscopy might show:

1. Normal colon: The colonoscopy may show a healthy colon without any abnormalities, such as polyps, inflammation, or tumors.

2. Polyps: These are small, benign growths on the lining of the colon. Some polyps can develop into colon cancer over time, so they are often removed during a colonoscopy.

3. Inflammatory bowel disease (IBD): Colonoscopy can help diagnose IBD, such as Crohn's disease and ulcerative colitis, by showing areas of inflammation, ulcers, and other abnormalities in the colon.

4. Diverticulosis: Small, bulging pouches called diverticula may be present in the colon wall, which can sometimes lead to diverticulitis (inflammation of the diverticula).

5. Colon cancer: A colonoscopy can detect early-stage colon cancer by identifying abnormal growths, called tumors, and taking tissue samples (biopsies) for further examination.

6. Infectious colitis: A colonoscopy can help identify the cause of inflammation in the colon, such as infection with bacteria, viruses, or parasites.

7. Intestinal bleeding: A colonoscopy can help identify the source of bleeding in the digestive tract, such as from a polyp, ulcer, or inflam","A resposta do sistema de IA é tecnicamente correta e abrange uma ampla gama de condições que podem ser detectadas por meio de uma colonoscopia, incluindo pólipos, doença inflamatória intestinal, diverticulose, câncer de cólon, colite infecciosa e sangramento intestinal. Além disso, a resposta destaca a importância da colonoscopia na prevenção e detecção do câncer de cólon, bem como na avaliação de outros sintomas gastrointestinais. No entanto, a resposta não fornece detalhes sobre a preparação para o procedimento, os riscos potenciais associados à colonoscopia ou a importância do seguimento após o procedimento. Portanto, a resposta está alinhada com as diretrizes clínicas padrão, mas carece de alguns detalhes importantes para uma gestão completa.",Acerto de Descrição,"O modelo forneceu uma descrição detalhada e tecnicamente correta da colonoscopia, abordando sua utilização na detecção e prevenção de várias condições, incluindo câncer de cólon, e destacou a importância do procedimento na avaliação da saúde do intestino."
117,Llama-3,4,"Immunocompromisation can be caused by primary and secondary immunodeficiencies. Primary immunodeficiencies are rare genetic conditions where a part of the immune system is missing or not working properly. Examples include chronic granulomatous disease (CGD), common variable immunodeficiency (CVID), severe combined immunodeficiency (SCID), and selective IgA deficiency. Secondary immunodeficiencies are acquired throughout a person's life and can result from various causes. Chronic diseases like autoimmune diseases (systemic lupus erythematosus, rheumatoid arthritis), malignancies (leukemia, multiple myeloma), hepatic or renal insufficiency, and diabetes mellitus can impair immune system function. Medical treatments like corticosteroids, certain chemotherapies, treatments for organ transplantation rejection, and biological therapies can also cause immunodeficiencies. Infections like HIV, measles, herpes viruses, bacterial, mycobacterial, and parasitic infections can weaken the immune system. Malnutrition, burns, pregnancy, stress, asplenia, environmental radiation and toxin exposure, and old age have also been linked to a weakened immune system and increased infection risk.","Immunocompromise refers to a state of impaired immune function, making an individual more susceptible to infections, cancer, or autoimmune diseases. There are several factors that can cause immunocompromise, including:

1. Genetic disorders:
	* Primary immunodeficiency diseases, such as severe combined immunodeficiency (SCID), Bruton's agammaglobulinemia, and Wiskott-Aldrich syndrome.
	* Familial hyper-IgM syndrome, which is characterized by impaired antibody production.
2. Infections:
	* HIV/AIDS, which can lead to CD4+ T-cell depletion and impaired immune function.
	* Viral infections, such as herpes simplex, varicella-zoster, and Epstein-Barr virus, which can cause immunosuppression.
	* Bacterial infections, such as tuberculosis, which can lead to immunosuppression and increased susceptibility to opportunistic infections.
3. Cancer:
	* Lymphoma, which can cause immunosuppression and impaired immune function.
	* Leukemia, which can lead to immunosuppression and increased susceptibility to infections.
4. Medications:
	* Immunosuppressive medications, such as corticosteroids, azathioprine, and cyclophosphamide, which are used to treat autoimmune diseases, organ transplantation, and cancer.
	* Chemotherapy, which can cause immunosuppression and increased susceptibility to infections.
5. Organ transplantation:
	* Recipients of organ transplants, particularly those receiving immunosuppressive therapy, are at increased risk of infections and cancer.
6. Malnutrition:
	* Protein-energy malnutrition, which can impair immune function and increase susceptibility to infections.
7. Chronic diseases:
	* Diabetes, which can cause immunosuppression and increased susceptibility to infections.
	* Chronic kidney disease, which can lead to immunosuppression and increased susceptibility to infections.
8. Aging:
	* Immunosenescence, which is the","A resposta do sistema de IA é ampla e aborda vários fatores que podem causar imunocomprometimento, incluindo doenças genéticas, infecções, câncer, medicamentos, transplante de órgãos, desnutrição, doenças crônicas e envelhecimento. No entanto, falta uma menção explícita às doenças autoimunes, como lupus eritematoso sistêmico e artrite reumatoide, que também podem causar imunocomprometimento. Além disso, a resposta não menciona a exposição a radiação e toxinas ambientais como fatores que podem contribuir para o imunocomprometimento. Embora a resposta seja geralmente correta e aborde muitos dos principais fatores que contribuem para o imunocomprometimento, falta alguns detalhes importantes e não é tão abrangente quanto o padrão ouro.",Omissão de Detalhes Específicos,"O modelo abordou vários fatores que podem causar imunocomprometimento, mas falhou ao não mencionar explicitamente doenças autoimunes, como lupus eritematoso sistêmico e artrite reumatoide, que também podem levar a esse estado."
117,Mistral,3,"Immunocompromisation can be caused by primary and secondary immunodeficiencies. Primary immunodeficiencies are rare genetic conditions where a part of the immune system is missing or not working properly. Examples include chronic granulomatous disease (CGD), common variable immunodeficiency (CVID), severe combined immunodeficiency (SCID), and selective IgA deficiency. Secondary immunodeficiencies are acquired throughout a person's life and can result from various causes. Chronic diseases like autoimmune diseases (systemic lupus erythematosus, rheumatoid arthritis), malignancies (leukemia, multiple myeloma), hepatic or renal insufficiency, and diabetes mellitus can impair immune system function. Medical treatments like corticosteroids, certain chemotherapies, treatments for organ transplantation rejection, and biological therapies can also cause immunodeficiencies. Infections like HIV, measles, herpes viruses, bacterial, mycobacterial, and parasitic infections can weaken the immune system. Malnutrition, burns, pregnancy, stress, asplenia, environmental radiation and toxin exposure, and old age have also been linked to a weakened immune system and increased infection risk."," Immunocompromise refers to a weakened immune system, making it harder for the body to fight off infections and diseases. Several factors can cause immunocompromise:

1. Genetic conditions: Some people are born with inherited disorders that affect their immune system, making them more susceptible to infections.

2. Medical conditions: Certain medical conditions, such as HIV/AIDS, diabetes, cancer, and autoimmune disorders, can weaken the immune system and make individuals more prone to infections.

3. Medications: Certain medications, such as chemotherapy drugs, corticosteroids, and immunosuppressants, can weaken the immune system and increase the risk of infections.

4. Malnutrition: A lack of essential nutrients can weaken the immune system and make individuals more susceptible to infections.

5. Old age: As people age, their immune systems naturally become less effective, making them more prone to infections.

6. Environmental factors: Exposure to toxins, pollutants, and other environmental factors can weaken the immune system and increase the risk of infections.

7. Stress: Chronic stress can weaken the immune system and make individuals more susceptible to infections.

8. Lack of sleep: A lack of adequate sleep can weaken the immune system and make individuals more prone to infections.

9. Smoking: Smoking can damage the immune system and make individuals more susceptible to infections.

10. Alcohol consumption: Excessive alcohol consumption can weaken the immune system and make individuals more susceptible to infections.","A resposta do sistema de IA é geralmente correta e aborda vários fatores que podem causar imunocomprometimento, incluindo condições genéticas, médicas, medicamentos, desnutrição, idade avançada, fatores ambientais, estresse, falta de sono, tabagismo e consumo excessivo de álcool. No entanto, falta uma menção explícita às deficiências imunológicas primárias e secundárias, como a doença granulomatosa crônica, imunodeficiência variável comum, imunodeficiência combinada grave e deficiência seletiva de IgA. Além disso, a resposta não menciona explicitamente a insuficiência hepática ou renal, diabetes mellitus, asplenia, radiação ambiental e toxinas como causas de imunocomprometimento. A resposta também não fornece detalhes sobre o manejo a longo prazo e a prevenção de infecções em indivíduos imunocomprometidos.",Omissão de Detalhes Específicos,"O modelo acertou ao mencionar que o imunocomprometimento pode ser causado por vários fatores, incluindo condições genéticas, mas falhou ao não especificar explicitamente as deficiências imunológicas primárias e secundárias, como a doença granulomatosa crônica (CGD) e a imunodeficiência variável comum (CVID)."
117,Phi-3,4,"Immunocompromisation can be caused by primary and secondary immunodeficiencies. Primary immunodeficiencies are rare genetic conditions where a part of the immune system is missing or not working properly. Examples include chronic granulomatous disease (CGD), common variable immunodeficiency (CVID), severe combined immunodeficiency (SCID), and selective IgA deficiency. Secondary immunodeficiencies are acquired throughout a person's life and can result from various causes. Chronic diseases like autoimmune diseases (systemic lupus erythematosus, rheumatoid arthritis), malignancies (leukemia, multiple myeloma), hepatic or renal insufficiency, and diabetes mellitus can impair immune system function. Medical treatments like corticosteroids, certain chemotherapies, treatments for organ transplantation rejection, and biological therapies can also cause immunodeficiencies. Infections like HIV, measles, herpes viruses, bacterial, mycobacterial, and parasitic infections can weaken the immune system. Malnutrition, burns, pregnancy, stress, asplenia, environmental radiation and toxin exposure, and old age have also been linked to a weakened immune system and increased infection risk."," Immunocompromise, also known as immunodeficiency, can be caused by a variety of factors, including:

1. Genetic disorders: Some genetic conditions, such as severe combined immunodeficiency (SCID), common variable immunodeficiency (CVID), and DiGeorge syndrome, can result in a weakened immune system.

2. Infections: Certain viral infections, such as HIV/AIDS, can directly damage the immune system, leading to immunocompromise.

3. Medications: Some medications, such as corticosteroids, chemotherapy drugs, and immunosuppressive drugs used for organ transplantation, can suppress the immune system.

4. Age: As people age, their immune system naturally weakens, making them more susceptible to infections and illnesses.

5. Malnutrition: A lack of essential nutrients, such as vitamins, minerals, and proteins, can impair the immune system's ability to function properly.

6. Chronic diseases: Conditions such as diabetes, kidney disease, and liver disease can weaken the immune system over time.

7. Cancer: Certain types of cancer, such as leukemia and lymphoma, can directly affect the immune system.

8. Autoimmune diseases: Some autoimmune disorders, such as lupus and rheumatoid arthritis, can cause the immune system to attack the body's own tissues, leading to immunocompromise.

9. Environmental factors: Exposure to toxins, pollutants, and radiation can weaken the immune","A resposta do sistema de IA aborda a maioria dos principais fatores que causam imunocomprometimento, incluindo doenças genéticas, infecções, medicamentos, idade, desnutrição, doenças crônicas, câncer, doenças autoimunes e fatores ambientais. No entanto, falta uma menção explícita às deficiências imunológicas primárias e secundárias, como a doença granulomatosa crônica (CGD) e a deficiência seletiva de IgA, que são importantes para uma compreensão abrangente do imunocomprometimento. Além disso, a resposta não fornece detalhes sobre a gestação, o estresse, a asplenia e a radiação ambiental como fatores que também podem contribuir para o imunocomprometimento. No entanto, a resposta está bem estruturada e aborda a maioria dos principais tópicos, demonstrando uma boa compreensão dos conceitos de imunocomprometimento.",Omissão de Detalhes Específicos,"O modelo acertou ao mencionar doenças genéticas como fator de imunocomprometimento, mas falhou ao não especificar explicitamente as deficiências imunológicas primárias e secundárias, como a doença granulomatosa crônica (CGD) e a deficiência seletiva, que são exemplos importantes de imunodeficiências primárias."
118,Llama-3,3,"Keratosis pilaris is a skin condition among young adults, where small bumps of excess keratin develop on your skin, usually on your arms and legs. It is often seen in association with other skin conditions such as atopic dermatitis and ichthyosis vulgaris. This condition is painless, but the skin around it might be itchy, dry, rough or discolored, and it may make you feel self-conscious or insecure about your appearance. Keratosis pilaris typically doesn’t require treatment, and usually fades by age 30. Possible treatments are aimed at preventing excessive skin dryness, including using mild soaps or soap-free cleansers and avoiding hot baths or showers. Treatments include applying on the affected areas an over the counter moisturizer, preferably with ammonium lactate (AmLactin) or with alpha hydroxyl acids (CeraVe), or using topical retinoids such as Tretinoin (Retin-A, Altreno), Adapalene (Differin) and Tazarotene (Arazlo,Tazorac). Possible treatment for refractory condition include systemic retinoids, laser therapy, or other ablative procedures.","Keratosis pilaris (KP) is a common, harmless skin condition characterized by the appearance of small, rough, sandpapery patches or bumps on the skin. It is caused by the buildup of keratin, a protein that protects the skin, in the hair follicles.

KP typically affects the arms, legs, buttocks, and cheeks, and is more common in people with dry skin, eczema, or atopic dermatitis. It is often seen in children and adolescents, but can also occur in adults.

The symptoms of KP include:

1. Small, rough, sandpapery patches or bumps on the skin
2. Dry, rough, or scaly skin
3. Itching or tingling sensation on the affected areas
4. Redness or inflammation around the affected areas

The exact cause of KP is not fully understood, but it is thought to be related to:

1. Genetic predisposition: KP tends to run in families, suggesting a possible genetic component.
2. Dry skin: KP is more common in people with dry skin, which can lead to the buildup of keratin in the hair follicles.
3. Hormonal changes: Hormonal fluctuations during puberty, pregnancy, or menopause can trigger KP.
4. Environmental factors: Exposure to cold weather, dry air, or harsh soaps can exacerbate KP.

There is no cure for KP, but there are several treatment options available to manage its symptoms:

1. Moisturizers: Keeping the skin hydrated with gentle, non-comedogenic moisturizers can help reduce the appearance of KP.
2. Exfoliants: Gently exfoliating the skin with alpha-hydroxy acids (AHAs) or beta-hydroxy acids (BHAs) can help remove dead skin cells and reduce the appearance of KP.
3. Topical creams: Over-the-counter (OTC) creams containing urea, hyaluronic acid, or salicylic acid","A resposta do sistema de IA é tecnicamente correta e aborda a maioria dos aspectos importantes da ceratose pilar, incluindo sua definição, sintomas, causas e opções de tratamento. No entanto, falta uma menção explícita à idade típica de resolução da condição, que é por volta dos 30 anos, como destacado no padrão ouro. Além disso, a resposta do IA não menciona explicitamente a utilização de retinoides tópicos, como o tretinoína, adapaleno e tazaroteno, que são tratamentos comuns para a ceratose pilar. A resposta também não aborda a possibilidade de tratamentos sistêmicos ou procedimentos ablativos para casos refratários. No entanto, a resposta fornece uma visão geral clara e útil da condição, incluindo suas causas e opções de tratamento, o que a torna uma resposta útil, mas não perfeita.",Omissão de Detalhes Específicos,"O modelo acertou a definição e sintomas da ceratose pilar, mas falhou ao não mencionar explicitamente a idade típica de resolução da condição e a utilização de retinoides como opção de tratamento, o que é considerado importante para uma resposta completa."
118,Mistral,3,"Keratosis pilaris is a skin condition among young adults, where small bumps of excess keratin develop on your skin, usually on your arms and legs. It is often seen in association with other skin conditions such as atopic dermatitis and ichthyosis vulgaris. This condition is painless, but the skin around it might be itchy, dry, rough or discolored, and it may make you feel self-conscious or insecure about your appearance. Keratosis pilaris typically doesn’t require treatment, and usually fades by age 30. Possible treatments are aimed at preventing excessive skin dryness, including using mild soaps or soap-free cleansers and avoiding hot baths or showers. Treatments include applying on the affected areas an over the counter moisturizer, preferably with ammonium lactate (AmLactin) or with alpha hydroxyl acids (CeraVe), or using topical retinoids such as Tretinoin (Retin-A, Altreno), Adapalene (Differin) and Tazarotene (Arazlo,Tazorac). Possible treatment for refractory condition include systemic retinoids, laser therapy, or other ablative procedures."," Keratosis Pilaris (KP) is a common skin condition that causes small, rough bumps to appear on the skin. These bumps typically form on the upper arms, thighs, buttocks, and sometimes the face. The bumps are caused by a buildup of keratin, a protein that helps protect and strengthen the skin, within the hair follicles.

The exact cause of Keratosis Pilaris is not known, but it is believed to be related to genetics and can be more common in people with dry or sensitive skin. It is not contagious and is not a sign of poor hygiene.

Keratosis Pilaris can be cosmetically bothersome for some people, but it is generally harmless and does not cause any discomfort or pain. There are various treatments that can help improve the appearance of the skin, including moisturizing regularly, using gentle exfoliants, and prescription topical treatments. However, there is no cure for Keratosis Pilaris and the bumps may come and go throughout a person's life.","A resposta do sistema de IA é tecnicamente correta, pois descreve a condição de Keratose Pilaris de forma geralmente precisa, incluindo a formação de pequenas protuberâncias rugosas na pele devido ao acúmulo de queratina nos folículos pilosos. No entanto, a resposta omite detalhes importantes sobre a condição, como a associação com outras condições de pele, como dermatite atópica e icbose vulgar, e não fornece informações específicas sobre as opções de tratamento, como o uso de lactato de amônio ou ácidos hidroxil, além de retinoides tópicos. Além disso, a resposta não menciona a faixa etária típica afetada ou a possibilidade de remissão espontânea com o tempo. Portanto, a resposta está alinhada com o padrão clínico, mas carece de detalhes importantes para uma abordagem completa.",Omissão de Detalhes,"O modelo descreveu a condição de Keratose Pilaris de forma geralmente precisa, mas falhou ao não mencionar a associação com outras condições de pele, como dermatite atópica e icbose vulgar."
118,Phi-3,4,"Keratosis pilaris is a skin condition among young adults, where small bumps of excess keratin develop on your skin, usually on your arms and legs. It is often seen in association with other skin conditions such as atopic dermatitis and ichthyosis vulgaris. This condition is painless, but the skin around it might be itchy, dry, rough or discolored, and it may make you feel self-conscious or insecure about your appearance. Keratosis pilaris typically doesn’t require treatment, and usually fades by age 30. Possible treatments are aimed at preventing excessive skin dryness, including using mild soaps or soap-free cleansers and avoiding hot baths or showers. Treatments include applying on the affected areas an over the counter moisturizer, preferably with ammonium lactate (AmLactin) or with alpha hydroxyl acids (CeraVe), or using topical retinoids such as Tretinoin (Retin-A, Altreno), Adapalene (Differin) and Tazarotene (Arazlo,Tazorac). Possible treatment for refractory condition include systemic retinoids, laser therapy, or other ablative procedures."," Keratosis Pilaris is a common, harmless skin condition that causes small, hard bumps on the skin. These bumps are often light-colored and appear on the upper arms, thighs, cheeks, or buttocks. They are caused by a buildup of keratin, a protein that protects the skin from harmful substances and infections.

The condition is not contagious, and it is not a sign of any underlying health issue. However, it can cause cosmetic concerns for some people.

Keratosis Pilaris is typically diagnosed based on the appearance of the skin. There is no specific test required to confirm the diagnosis.

Treatment for Keratosis Pilaris aims to improve the appearance of the skin and may include:

1. Moisturizing: Regular use of moisturizers can help to soften the keratin buildup and reduce the appearance of the bumps.

2. Exfoliation: Using a gentle exfoliating scrub or a loofah can help to remove dead skin cells and reduce the appearance of the bumps.

3. Topical creams: Over-the-counter creams containing ingredients like lactic acid, urea, or salicylic acid may help to improve the appearance of the skin.

4. Laser therapy: In some cases, laser therapy may be used to reduce the appearance of the bumps, although this treatment can be expensive and may require multiple sessions.

5. Diet and lifestyle: While there is no direct link between diet and Keratosis Pilaris, maintaining a healthy lifestyle and avoiding excessive sun exposure may help to improve the appearance of the skin.

It is essential to consult a dermatologist","A resposta do sistema de IA é geralmente correta, descrevendo a ceratose pilar como uma condição de pele comum e inofensiva que causa pequenas protuberâncias duras na pele, causadas por um acúmulo de queratina. A descrição da condição e suas características é precisa, incluindo a localização comum das protuberâncias e a falta de contagiosidade. Além disso, a resposta aborda a diagnose, que é tipicamente baseada na aparência da pele, e não requer testes específicos. No entanto, a resposta poderia ser mais detalhada em relação às opções de tratamento, especialmente em relação às opções tópicas específicas, como o uso de retinoides tópicos, que são uma opção comum para o tratamento da ceratose pilar. Além disso, a resposta não menciona a idade típica de resolução da condição, que é por volta dos 30 anos, conforme descrito no padrão ouro.",Acerto de Descrição,"O modelo descreveu corretamente a ceratose pilar como uma condição de pele comum e inofensiva, mencionando a formação de pequenas protuberâncias duras causadas por um acúmulo de queratina, e forneceu informações precisas sobre a localização e características da condição."
119,Llama-3,4,"Cluster headache is a type of chronic and severe headache that is not life-threatening. It typically affects one side of the head, usually in or around the eye area, and is commonly described as a stabbing or sharp pain. Other symptoms that may be experienced on the affected side include tearing, redness of the eye, a stuffy or runny nose, sweating, and drooping eyelid. Cluster headache is characterized by frequent attacks of pain that can last from weeks to months, followed by a period of remission. Fortunately, there are effective treatments available that can help make cluster headache attacks shorter, less frequent, and less severe.","A cluster headache is a type of primary headache disorder characterized by recurring, severe, and debilitating headaches that occur in clusters or cycles. It is a rare and complex condition that affects approximately 0.1% of the general population.

Clinical Features:

Cluster headaches typically present with the following characteristics:

1. Recurring episodes: Cluster headaches occur in clusters or cycles, with periods of frequent attacks (active periods) followed by periods of remission (dormant periods).
2. Severe pain: The pain is typically severe, excruciating, and one-sided, often described as a piercing or stabbing sensation.
3. Location: The pain is usually located on one side of the head, often in the temple, eye, or forehead region.
4. Duration: Attacks typically last between 15 minutes to 3 hours, with some lasting up to 24 hours.
5. Autonomic symptoms: Cluster headaches are often accompanied by autonomic symptoms, such as:
	* Conjunctival injection (redness of the eye)
	* Nasal congestion
	* Rhinorrhea (runny nose)
	* Lacrimation (tearing)
	* Pupillary dilation
	* Sweating
	* Horner's syndrome (a combination of miosis, ptosis, and anhidrosis)
6. Trigger factors: Triggers for cluster headaches are not well understood, but they may include:
	* Hormonal changes
	* Sleep patterns
	* Stress
	* Environmental factors (e.g., changes in weather, altitude)

Pathophysiology:

The exact pathophysiology of cluster headaches is still unclear, but it is thought to involve a complex interplay between neurotransmitters, blood vessels, and the trigeminal nerve. Some theories suggest that cluster headaches may be related to:

1. Activation of the trigeminal nerve
2. Release of calcitonin gene-related peptide (CGRP)
3. Vasodilation and inflammation in the trigem","A resposta do sistema de IA é tecnicamente correta e fornece uma descrição detalhada das características clínicas e da fisiopatologia da cefaleia em cluster. No entanto, omite a menção explícita de que a cefaleia em cluster não é uma condição life-threatening, o que é um aspecto importante para tranquilizar os pacientes. Além disso, a resposta não fornece informações sobre o tratamento disponível e como ele pode ajudar a reduzir a frequência e a gravidade dos ataques. A descrição da fisiopatologia é razoável, mas não é tão clara e concisa quanto a descrição do Gold Standard. Portanto, a resposta do sistema de IA é boa, mas não perfeita.",Omissão de Informações Cruciais,"O modelo acertou a descrição da cefaleia em cluster, mas falhou ao não mencionar explicitamente que a condição não é life-threatening e não forneceu informações sobre o tratamento disponível, o que são aspectos importantes para o paciente."
119,Mistral,4,"Cluster headache is a type of chronic and severe headache that is not life-threatening. It typically affects one side of the head, usually in or around the eye area, and is commonly described as a stabbing or sharp pain. Other symptoms that may be experienced on the affected side include tearing, redness of the eye, a stuffy or runny nose, sweating, and drooping eyelid. Cluster headache is characterized by frequent attacks of pain that can last from weeks to months, followed by a period of remission. Fortunately, there are effective treatments available that can help make cluster headache attacks shorter, less frequent, and less severe."," A cluster headache is a type of primary headache disorder, meaning it is not caused by any underlying medical condition. It is characterized by recurring bouts of severe, one-sided headaches that can last from 15 minutes to 3 hours, with symptoms that can include tearing of the eye on the affected side, nasal congestion, and sweating. The pain is often described as sharp, burning, or throbbing, and can be so intense that some people have described it as feeling like an ice pick being jabbed into their eye. Cluster headaches typically occur in clusters, with multiple attacks occurring over several days or weeks, followed by a remission period that can last months or even years. The exact cause of cluster headaches is not known, but they are thought to be related to abnormalities in the trigeminal nerve, which is responsible for sensations in the face and head. Treatment options include medications to prevent or abort attacks, as well as lifestyle modifications such as avoiding triggers and maintaining a regular sleep schedule.","A resposta do sistema de IA é tecnicamente correta e fornece uma descrição detalhada da cefaleia em cluster, incluindo sua definição, sintomas, duração e tratamento. No entanto, falta uma menção explícita de que a cefaleia em cluster não é uma condição life-threatening, o que é um aspecto importante para tranquilizar os pacientes. Além disso, a resposta não aborda explicitamente a importância da prevenção de ataques e do manejo a longo prazo, apenas mencionando opções de tratamento. A descrição dos sintomas e da fisiopatologia está alinhada com as diretrizes clínicas, mas a resposta poderia ser mais abrangente em termos de manejo e prevenção.",Omissão de Informação Relevante,"O modelo forneceu uma descrição detalhada da cefaleia em cluster, mas falhou ao não mencionar explicitamente que a condição não é life-threatening, o que é um aspecto importante para tranquilizar os pacientes, e também não abordou a importância da prevenção e do tratamento."
119,Phi-3,3,"Cluster headache is a type of chronic and severe headache that is not life-threatening. It typically affects one side of the head, usually in or around the eye area, and is commonly described as a stabbing or sharp pain. Other symptoms that may be experienced on the affected side include tearing, redness of the eye, a stuffy or runny nose, sweating, and drooping eyelid. Cluster headache is characterized by frequent attacks of pain that can last from weeks to months, followed by a period of remission. Fortunately, there are effective treatments available that can help make cluster headache attacks shorter, less frequent, and less severe."," A cluster headache is a rare and severe type of headache that is characterized by its unique pattern and intensity. It is one of the primary types of headaches classified under the category of trigeminal autonomic cephalalgias. Here are the key features and characteristics of cluster headaches:

1. Unilateral pain: Cluster headaches typically affect one side of the head, often around the eye, temple, or forehead. The pain is usually described as sharp, piercing, or burning.

2. Intensity: Cluster headaches are known for their extreme intensity, often described as one of the most painful conditions known to humans. The pain can be so severe that it can cause significant distress and disability.

3. Duration: Cluster headaches typically last between 15 minutes to 3 hours, and they can occur multiple times a day during a cluster period. These periods can last for weeks, months, or even years, separated by remission periods when the headaches do not occur.

4. Frequency: During a cluster period, headaches may occur every day or several times a day, with a frequency of 1-2 headaches per day.

5. Autonomic symptoms: Cluster headaches are often accompanied by autonomic symptoms, such as:
   - Red, teary, or swollen eye on the affected side
   - Nasal congestion or runny nose on the affected side
   - Drooping eyelid (ptosis) on the affected side
   - Sweating, flushing, or a feeling of warmth on the affected side

6. Triggers: Several factors can trigger cluster headaches, including:
   - Alcohol consumption
   - Stress
   - Smoking
   - Exposure to certain environmental","A resposta do sistema de IA é tecnicamente correta e abrange os principais aspectos dos headaches em cluster, incluindo a dor unilateral, intensidade, duração, frequência e sintomas autonômicos. Além disso, a resposta menciona os gatilhos possíveis para esses headaches. No entanto, falta uma menção explícita sobre a não letalidade da condição e a disponibilidade de tratamentos eficazes, o que é um aspecto importante para o paciente. A resposta também não entra em detalhes sobre o manejo a longo prazo e as opções de tratamento disponíveis. Portanto, a resposta está alinhada com as diretrizes clínicas padrão, mas carece de alguns detalhes importantes para uma abordagem completa.",Omissão de Informações Importantes,"O modelo acertou ao descrever as características técnicas dos headaches em cluster, mas falhou ao não mencionar explicitamente a não letalidade da condição e a disponibilidade de tratamentos eficazes, o que é um aspecto crucial para o paciente entender a gravidade e as opções de tratamento."
120,Llama-3,3,"Muscular pain can be relieved through various treatments. Non-pharmacological treatments like muscle massage, rest, gentle stretching, and heat therapy can be helpful. Pharmacological treatments, such as pain relievers like Acetaminophen (Tylenol) and Ibuprofen (Advil, Motrin), and muscle relaxants like Chlorzoxazone (Lorzone), Carisoprodol (Soma), and Metaxalone (Skelaxin) can also alleviate pain. Topical creams or gels containing Methyl salicylate Menthol (Icy Hot) and Trolamine salicylate (Aspercreme) can also ease muscle soreness. It's important to seek medical attention if you experience severe pain, muscle weakness, numbness, tingling, or high fever or if the pain lasts for more than a week.","Muscular pain, also known as myalgia, can be caused by a variety of factors, including overuse, injury, or underlying medical conditions. Here are some evidence-based treatments that may help alleviate muscular pain:

1. Topical creams and ointments:
	* Topical capsaicin cream: Capsaicin, the active ingredient in chili peppers, can help reduce pain by blocking the production of a chemical called substance P, which transmits pain signals to the brain. Studies have shown that topical capsaicin cream can be effective in reducing muscular pain.
	* Topical lidocaine cream: Lidocaine is a local anesthetic that can help numb the affected area, reducing pain and discomfort.
	* Topical arnica gel: Arnica is a natural ingredient that has anti-inflammatory and pain-relieving properties. Studies have shown that topical arnica gel can be effective in reducing muscular pain and inflammation.
2. Oral medications:
	* Over-the-counter (OTC) pain relievers: Nonsteroidal anti-inflammatory drugs (NSAIDs) such as ibuprofen (Advil, Motrin) and acetaminophen (Tylenol) can help reduce pain and inflammation.
	* Prescription pain relievers: For more severe pain, prescription medications such as cyclobenzaprine (Flexeril) and carisoprodol (Soma) may be prescribed.
3. Physical therapy:
	* Stretching and exercise: Gentle stretching and exercise can help reduce muscle tension and alleviate pain.
	* Massage therapy: Massage can help reduce muscle spasms and improve blood flow to the affected area.
4. Alternative therapies:
	* Acupuncture: This ancient Chinese practice involves inserting thin needles into specific points on the body to stimulate healing and reduce pain.
	* Chiropractic care: Chiropractors use spinal manipulation and other techniques to help reduce muscle tension and alleviate pain.
5. Lifestyle modifications:
	* Rest and","A resposta do sistema de IA é ampla e aborda várias opções de tratamento para a dor muscular, incluindo cremes tópicos, medicamentos orais, terapia física, terapias alternativas e modificações no estilo de vida. No entanto, falta uma menção clara sobre a importância de buscar atenção médica em casos de dor severa, fraqueza muscular, formigamento, dormência ou febre alta, ou se a dor persistir por mais de uma semana. Além disso, a resposta não apresenta uma abordagem clara e direta para a gestão a longo prazo da dor muscular. A inclusão de opções de tratamento como a terapia de acupuntura e a assistência quiroprática, embora possam ser benéficas, não são universalmente recomendadas como primeira linha de tratamento. A resposta também não fornece uma discussão detalhada sobre a importância da avaliação e do diagnóstico preciso da causa subjacente da dor muscular antes de iniciar qualquer tratamento.",Omissão de Orientação Médica,"O modelo apresentou uma resposta ampla sobre tratamentos para dor muscular, mas falhou ao não enfatizar a importância de buscar atenção médica em casos de sintomas graves ou persistentes."
120,Mistral,3,"Muscular pain can be relieved through various treatments. Non-pharmacological treatments like muscle massage, rest, gentle stretching, and heat therapy can be helpful. Pharmacological treatments, such as pain relievers like Acetaminophen (Tylenol) and Ibuprofen (Advil, Motrin), and muscle relaxants like Chlorzoxazone (Lorzone), Carisoprodol (Soma), and Metaxalone (Skelaxin) can also alleviate pain. Topical creams or gels containing Methyl salicylate Menthol (Icy Hot) and Trolamine salicylate (Aspercreme) can also ease muscle soreness. It's important to seek medical attention if you experience severe pain, muscle weakness, numbness, tingling, or high fever or if the pain lasts for more than a week."," I'm an AI language model and not a doctor, but I can suggest some common methods that people use to alleviate muscular pain. However, it's important to note that everyone's body is different, and what works for one person may not work for another. Here are some general suggestions:

1. Rest: Give your muscles time to heal by avoiding activities that aggravate the pain.
2. Ice: Applying ice to the affected area can help reduce inflammation and numb the pain.
3. Heat: Heat can increase blood flow and help relax muscles, which can provide relief.
4. Massage: Gentle massage can help improve circulation and reduce muscle tension.
5. Stretching: Stretching can help improve flexibility and reduce muscle stiffness.
6. Over-the-counter pain relievers: Non-prescription pain relievers like acetaminophen or nonsteroidal anti-inflammatory drugs (NSAIDs) can help reduce pain and inflammation.
7. Hydration: Staying hydrated can help keep your muscles healthy and reduce the risk of injury.
8. Proper nutrition: Eating a balanced diet can help support muscle health and reduce the risk of injury.
9. Physical therapy: If your muscular pain is persistent or severe, you may want to consider seeing a physical therapist for professional treatment and guidance.

It's always a good idea to consult with a healthcare professional if you're experiencing persistent or severe muscular pain, as they can provide a proper diagnosis and recommend the best course of treatment for your specific situation.","A resposta do sistema de IA é tecnicamente correta e aborda várias opções de tratamento para dor muscular, incluindo métodos não farmacológicos como repouso, aplicação de gelo e calor, massagem, alongamento e hidratação. Além disso, menciona a importância de consultar um profissional de saúde em casos de dor persistente ou severa. No entanto, a resposta omite detalhes sobre tratamentos farmacológicos específicos, como os nomes de medicamentos e suas respectivas doses, o que é uma informação importante para um tratamento adequado. Além disso, não há menção a exames ou avaliações necessárias para determinar a causa da dor muscular, o que é fundamental para um tratamento eficaz.",Omissão de Detalhes Farmacológicos,"O modelo acertou ao mencionar métodos não farmacológicos para aliviar a dor muscular, como repouso, aplicação de gelo e calor, massagem, alongamento e hidratação, mas falhou ao não fornecer detalhes suficientes sobre tratamentos farmacológicos, como a menção específica a medicamentos como Acetaminofeno e Ibuprofeno."
120,Phi-3,3,"Muscular pain can be relieved through various treatments. Non-pharmacological treatments like muscle massage, rest, gentle stretching, and heat therapy can be helpful. Pharmacological treatments, such as pain relievers like Acetaminophen (Tylenol) and Ibuprofen (Advil, Motrin), and muscle relaxants like Chlorzoxazone (Lorzone), Carisoprodol (Soma), and Metaxalone (Skelaxin) can also alleviate pain. Topical creams or gels containing Methyl salicylate Menthol (Icy Hot) and Trolamine salicylate (Aspercreme) can also ease muscle soreness. It's important to seek medical attention if you experience severe pain, muscle weakness, numbness, tingling, or high fever or if the pain lasts for more than a week."," For muscular pain, it's essential to approach it with a combination of rest, hydration, and gentle stretching or exercise. Here are some effective methods to alleviate muscular pain:

1. Rest: Allow your muscles to recover by taking a break from activities that may have caused the pain.

2. Hydration: Drink plenty of water to help flush out toxins and promote muscle recovery.

3. Ice and heat: Apply ice packs to the affected area for 15-20 minutes every few hours for the first 48 hours to reduce inflammation. After that, use a warm compress or take a warm bath to promote blood flow and relaxation.

4. Over-the-counter pain relievers: Nonsteroidal anti-inflammatory drugs (NSAIDs) like ibuprofen or naproxen can help reduce pain and inflammation.

5. Gentle stretching: Perform gentle stretches to help improve flexibility and reduce muscle tension.

6. Massage: A light massage can help alleviate muscle pain and improve blood flow.

7. Foam rolling: Use a foam roller to perform self-myofascial release, which can help reduce muscle tightness and improve mobility.

8. Proper nutrition: Consume a balanced diet rich in protein, vitamins, and minerals to support muscle repair and recovery.

9. Strength training: Engage in low-impact strength training exercises to help build muscle strength and prevent future muscle pain.

10. Yoga and Pilates: These practices can help improve flexibility, balance, and core strength, which can help prevent muscle pain.

If your","A resposta do sistema de IA é geralmente correta e aborda várias abordagens não farmacológicas para aliviar a dor muscular, incluindo repouso, hidratação, alongamento suave, aplicação de gelo e calor, massagem e nutrição adequada. Além disso, menciona o uso de anti-inflamatórios não esteroides (AINEs) como ibuprofeno para reduzir a dor e a inflamação. No entanto, falta uma menção explícita a outros medicamentos como acetaminofeno e relaxantes musculares, que também são úteis no alívio da dor muscular. Além disso, a resposta não destaca a importância de buscar atenção médica em casos de dor severa, fraqueza muscular, formigamento, ou febre alta, ou se a dor persistir por mais de uma semana, o que é um aspecto crucial do padrão ouro.",Acerto Parcial de Diretriz,"O modelo acertou ao mencionar várias abordagens não farmacológicas para aliviar a dor muscular, como repouso, hidratação e alongamento suave, e também citou o uso de AINEs como ibuprofeno, mas falhou ao não mencionar explicitamente outros medicamentos, como o acetaminofeno, e não detalhou completamente as opções farmacológicas."
121,Llama-3,4,"Valacyclovir (Valtrex) and acyclovir (Zovirax, Sitavig) are both antiviral drugs prescribed to treat the infections caused by herpes simplex virus, and varicella-zoster virus, which include cold sores, genital herpes, chicken pox, and shingles. Acyclovir is also used to treat herpes in neonates and herpes simplex encephalitis. Molecularly speaking, Valacyclovir is a prodrug of acyclovir, which is converted into acyclovir in the body. Among other differences is that Valacyclovir is only available as oral tablets, whereas acyclovir is available as oral tablets, oral capsules, sublingual tablets, oral suspensions, creams, and injectable solutions. In addition, Valacyclovir has a longer duration of action and greater bioavailability compared to acyclovir. Therefore, an advantage of prescribing Valacyclovir is that it can be taken fewer times in a day compared to acyclovir and still has the same effect.","Valtrex (valacyclovir) and Acyclovir are both antiviral medications used to treat herpes simplex virus (HSV) infections, including cold sores, genital herpes, and shingles. While they share some similarities, there are key differences between the two medications.

Similarities:

1. Mechanism of action: Both Valtrex and Acyclovir work by inhibiting the replication of HSV, thereby reducing the severity and duration of symptoms.
2. Antiviral activity: Both medications have antiviral activity against HSV-1 and HSV-2, the viruses that cause cold sores and genital herpes.

Differences:

1. Prodrug: Valtrex is a prodrug, meaning it is converted into acyclovir in the body. Acyclovir, on the other hand, is an active compound that does not require conversion.
2. Bioavailability: Valtrex has a higher bioavailability than Acyclovir, meaning it is absorbed more efficiently into the bloodstream. This results in higher concentrations of acyclovir in the blood and potentially more effective treatment.
3. Dosing: Valtrex is available in a single daily dose, whereas Acyclovir is typically dosed three to five times a day.
4. Duration of action: Valtrex has a longer duration of action than Acyclovir, with a half-life of 2.5-3.5 hours compared to Acyclovir's half-life of 1-2 hours.
5. Side effects: Valtrex is generally better tolerated than Acyclovir, with fewer reports of gastrointestinal side effects such as nausea, vomiting, and diarrhea.
6. Indications: Valtrex is approved for the treatment of genital herpes, cold sores, and shingles, while Acyclovir is primarily used for the treatment of cold sores and genital herpes.
7. Resistance: Valtrex has been shown to be effective","A resposta do sistema de IA é tecnicamente correta e aborda as principais diferenças entre Valtrex (valacicolvir) e Aciclovir, incluindo o mecanismo de ação, bio disponibilidade, dosagem, duração de ação e efeitos colaterais. No entanto, falta uma menção explícita sobre a disponibilidade de formas farmacêuticas de Aciclovir, como cremes, suspensões orais e soluções injetáveis, o que é um ponto importante na escolha do tratamento. Além disso, a resposta não menciona o uso de Aciclovir no tratamento de herpes em neonatos e herpes simplex encefalite, o que é uma indicação importante. No entanto, a resposta é clara e bem estruturada, demonstrando um bom entendimento das propriedades farmacológicas e das indicações clínicas desses medicamentos.",Omissão de Informação Farmacêutica,"O modelo acertou ao descrever as principais diferenças entre Valtrex e Aciclovir, mas falhou ao não mencionar explicitamente as diversas formas farmacêuticas disponíveis para Aciclovir, como cremes, suspensões orais e soluções injetáveis."
121,Mistral,4,"Valacyclovir (Valtrex) and acyclovir (Zovirax, Sitavig) are both antiviral drugs prescribed to treat the infections caused by herpes simplex virus, and varicella-zoster virus, which include cold sores, genital herpes, chicken pox, and shingles. Acyclovir is also used to treat herpes in neonates and herpes simplex encephalitis. Molecularly speaking, Valacyclovir is a prodrug of acyclovir, which is converted into acyclovir in the body. Among other differences is that Valacyclovir is only available as oral tablets, whereas acyclovir is available as oral tablets, oral capsules, sublingual tablets, oral suspensions, creams, and injectable solutions. In addition, Valacyclovir has a longer duration of action and greater bioavailability compared to acyclovir. Therefore, an advantage of prescribing Valacyclovir is that it can be taken fewer times in a day compared to acyclovir and still has the same effect."," Valtrex and Acyclovir are both antiviral medications used to treat infections caused by certain viruses, most notably herpes simplex virus (HSV) and varicella-zoster virus (VZV), which cause herpes and chickenpox, respectively. The main difference between the two drugs is their formulation and dosing.

Acyclovir is available in various forms, including oral tablets, oral suspension, intravenous (IV) infusion, and topical cream. It is typically dosed several times a day, depending on the specific infection and the patient's condition.

Valtrex, on the other hand, is a prodrug of acyclovir, meaning it is converted into acyclovir in the body. Valtrex is available as oral tablets and is typically dosed less frequently than acyclovir, usually twice a day. The advantage of Valtrex is its longer dosing interval, which makes it more convenient for patients to take.

Both drugs have similar efficacy against HSV and VZV infections, but Valtrex may have some advantages in certain situations, such as reducing the frequency and severity of recurrent herpes outbreaks and potentially shortening the duration of chickenpox.

It is important to note that both medications should be used under the guidance of a healthcare professional, as they are prescribed for specific indications and dosages based on individual patient needs. If you have any questions or concerns about these medications, you should speak with your healthcare provider.","A resposta do sistema de IA é tecnicamente correta e apresenta as principais diferenças entre Valtrex e Aciclovir, incluindo a formulação, dosagem e bio disponibilidade. No entanto, falta uma menção explícita sobre a utilização de Aciclovir no tratamento de herpes em neonatos e herpes simplex encefalite, o que é um aspecto importante da conduta clínica. Além disso, a resposta não apresenta uma discussão detalhada sobre a farmacocinética e farmacodinâmica dos medicamentos, o que é fundamental para uma compreensão completa das diferenças entre eles. No entanto, a resposta é clara e concisa, e apresenta as principais vantagens e desvantagens de cada medicamento, o que é útil para a tomada de decisões clínicas.",Omissão de Informações Clínicas Específicas,"O modelo acertou ao destacar as principais diferenças entre Valtrex e Aciclovir, incluindo formulação e dosagem, mas falhou ao não mencionar explicitamente a utilização de Aciclovir no tratamento de herpes em neonatos e herpes simplex encefalite, aspectos importantes na conduta clínica."
121,Phi-3,3,"Valacyclovir (Valtrex) and acyclovir (Zovirax, Sitavig) are both antiviral drugs prescribed to treat the infections caused by herpes simplex virus, and varicella-zoster virus, which include cold sores, genital herpes, chicken pox, and shingles. Acyclovir is also used to treat herpes in neonates and herpes simplex encephalitis. Molecularly speaking, Valacyclovir is a prodrug of acyclovir, which is converted into acyclovir in the body. Among other differences is that Valacyclovir is only available as oral tablets, whereas acyclovir is available as oral tablets, oral capsules, sublingual tablets, oral suspensions, creams, and injectable solutions. In addition, Valacyclovir has a longer duration of action and greater bioavailability compared to acyclovir. Therefore, an advantage of prescribing Valacyclovir is that it can be taken fewer times in a day compared to acyclovir and still has the same effect."," Valacyclovir (Valtrex) and Acyclovir are both antiviral medications used to treat infections caused by certain types of viruses, particularly herpes simplex virus (HSV) and varicella-zoster virus (VZV), which causes chickenpox and shingles. However, there are some key differences between the two:

1. Formulation: Valacyclovir is a prodrug, which means it is converted into acyclovir in the body. Acyclovir, on the other hand, is an active drug that is directly administered.

2. Absorption and bioavailability: Valacyclovir has better oral bioavailability than acyclovir, meaning it is more efficiently absorbed and utilized by the body. Valacyclovir has an oral bioavailability of around 54-76%, while acyclovir has an oral bioavailability of around 10-30%.

3. Dosage and administration: Due to its better bioavailability, valacyclovir can be taken less frequently than acyclovir. Valacyclovir is typically taken once daily, while acyclovir is usually taken 5 times a day.

4. Side effects: Both medications have similar side effects, including nausea, headache, and diarrhea. However, valacyclovir may cause more frequent side effects such as dizziness, drowsiness, and kidney problems in patients with pre-existing kidney disease.

5. Cost: Valacyclovir is generally more expensive than acyclovir.

In summary, Valacyclovir and Acyclovir are both effective antiviral medications, but Valacyclovir has better oral bioavailability,","A resposta do sistema de IA é tecnicamente correta e aborda as principais diferenças entre Valacyclovir (Valtrex) e Acyclovir, incluindo a formulação, absorção e biodisponibilidade, posologia e administração, efeitos colaterais e custo. No entanto, falta uma menção explícita ao uso de Acyclovir no tratamento de herpes em neonatos e herpes simplex encefalite, o que é uma indicação importante. Além disso, a resposta não fornece detalhes sobre a gestão a longo prazo e as considerações específicas para pacientes com doenças renais pré-existentes. A resposta está alinhada com as diretrizes clínicas padrão, mas carece de alguns detalhes importantes para uma avaliação completa.",Omissão de Indicação Específica,"O modelo acertou ao descrever as principais diferenças entre Valacyclovir (Valtrex) e Acyclovir, mas falhou ao não mencionar explicitamente o uso de Acyclovir no tratamento de herpes em neonatos e herpes simplex encefalite, o que é uma indicação importante."
122,Llama-3,2,"Vertigo is a symptom of an illusory movement that some people may describe as dizziness. If you are experiencing vertigo, it is essential to determine the type and cause of your symptoms. You can consult with your general physician, who will evaluate your symptoms and perform a physical examination. If necessary, they may refer you to an otolaryngologist or a neurologist for further testing and treatment. It is crucial to seek immediate medical attention if you experience vertigo or dizziness with any of the following symptoms: constant dizziness that doesn't go away and isn't related to head movement, difficulty speaking or understanding others speaking, weakness of face or extremities, confusion, slurred speech, inability to stand, sudden and severe headache or neck pain, difficulty swallowing, or double vision.","Vertigo is a complex condition that can be caused by a variety of factors, including inner ear problems, neurological disorders, and other underlying medical conditions. As a result, it's often best to see a specialist who has experience in diagnosing and treating vertigo. Here are some options to consider:

1. Ear, Nose, and Throat (ENT) Specialist: ENT specialists, also known as otolaryngologists, are trained to diagnose and treat ear-related conditions, including vertigo. They can perform tests such as the Dix-Hallpike maneuver and electronystagmography (ENG) to help identify the underlying cause of your vertigo.
2. Neurologist: Neurologists are trained to diagnose and treat conditions affecting the brain and nervous system, including vertigo. They can perform tests such as the Romberg test and the head impulse test to help identify the underlying cause of your vertigo.
3. Physical Therapist: Physical therapists who specialize in vestibular rehabilitation therapy (VRT) can help you manage your vertigo symptoms and improve your balance and coordination. They can also provide exercises and stretches to help alleviate your symptoms.
4. Chiropractor: Chiropractors who specialize in treating vertigo can use spinal manipulation and other techniques to help alleviate your symptoms. However, it's important to note that the effectiveness of chiropractic care for vertigo is still debated and more research is needed to fully understand its benefits.

When choosing a doctor to see for vertigo, consider the following factors:

* Experience: Look for a doctor who has experience in diagnosing and treating vertigo. Ask about their experience and success rates in treating patients with vertigo.
* Specialization: Consider seeing a specialist who has expertise in treating vertigo, such as an ENT specialist or a neurologist.
* Availability: Make sure the doctor has availability to see you at a time that is convenient for you.
* Insurance: Check with your insurance provider to see if they cover the doctor","A resposta do sistema de IA é tecnicamente correta, pois lista especialistas que podem tratar vertigem, como otorrinolaringologistas e neurologistas, e menciona testes e terapias apropriadas. No entanto, omite a importância de uma avaliação inicial por um médico geral para determinar a causa subjacente da vertigem e não destaca a necessidade de atenção médica imediata em casos de sintomas graves, como dificuldade para falar ou entender, fraqueza facial ou de extremidades, confusão, fala pastosa, incapacidade de ficar em pé, dor de cabeça ou de pescoço súbita e severa, dificuldade para engolir ou visão dupla. Além disso, a resposta do sistema de IA não fornece uma abordagem clara e concisa para o paciente, o que pode levar a confusão.",Omissão de Avaliação Inicial,"O modelo forneceu informações técnicas corretas sobre especialistas e tratamentos para vertigem, mas falhou ao não enfatizar a importância de uma avaliação inicial por um médico geral para determinar a causa subjacente e não destacou a necessidade de atenção médica imediata em casos de sintomas graves."
122,Mistral,3,"Vertigo is a symptom of an illusory movement that some people may describe as dizziness. If you are experiencing vertigo, it is essential to determine the type and cause of your symptoms. You can consult with your general physician, who will evaluate your symptoms and perform a physical examination. If necessary, they may refer you to an otolaryngologist or a neurologist for further testing and treatment. It is crucial to seek immediate medical attention if you experience vertigo or dizziness with any of the following symptoms: constant dizziness that doesn't go away and isn't related to head movement, difficulty speaking or understanding others speaking, weakness of face or extremities, confusion, slurred speech, inability to stand, sudden and severe headache or neck pain, difficulty swallowing, or double vision."," Vertigo is a type of dizziness that can be caused by various conditions, including inner ear disorders, head or neck injuries, and certain medications. Since the cause of vertigo can vary, it's important to see a healthcare professional who can properly diagnose and treat the condition.

Here are some healthcare professionals who can help you with vertigo:

1. Ear, Nose, and Throat (ENT) Doctor: An ENT specialist is trained to diagnose and treat conditions related to the ear, nose, and throat. Vertigo can be caused by inner ear disorders, so an ENT doctor may be able to help you.
2. Neurologist: Vertigo can also be caused by neurological conditions, such as multiple sclerosis, migraines, or vestibular neuronitis. A neurologist can help diagnose and treat these conditions.
3. General Practitioner (GP): Your primary care physician or GP can also help diagnose and treat vertigo. They may refer you to a specialist if necessary.

It's important to note that the best healthcare professional for you will depend on the specific cause of your vertigo. Your GP can help you determine which specialist is best for your situation.

Regardless of who you see, be sure to describe your symptoms in detail, including when they started, how long they last, and any other symptoms you're experiencing. This information can help your healthcare professional make an accurate diagnosis and develop an effective treatment plan.","A resposta do sistema de IA é tecnicamente correta, pois lista os principais especialistas que podem ajudar no diagnóstico e tratamento da vertigem, incluindo o otorrinolaringologista (ENT), neurologista e médico de clínica geral. Além disso, destaca a importância de descrever os sintomas em detalhe para obter um diagnóstico preciso e um plano de tratamento eficaz. No entanto, a resposta não menciona explicitamente a necessidade de procurar atenção médica imediata em casos de vertigem associada a sintomas como dificuldade de fala, fraqueza facial ou de extremidades, confusão, fala pastosa, incapacidade de ficar em pé, dor de cabeça ou pescoço súbita e severa, dificuldade de deglutição ou visão dupla, o que é um aspecto importante do padrão ouro. Portanto, a resposta está alinhada com as diretrizes clínicas, mas carece de detalhes importantes sobre a gestão a longo prazo e a necessidade de atenção médica imediata em casos específicos.",Omissão de Especialistas,"O modelo falhou ao não mencionar explicitamente os especialistas específicos, como o otorrinolaringologista (ENT) e neurologista, que podem ajudar no diagnóstico e tratamento da vertigem, apenas destacando a importância de ver um profissional de saúde."
122,Phi-3,4,"Vertigo is a symptom of an illusory movement that some people may describe as dizziness. If you are experiencing vertigo, it is essential to determine the type and cause of your symptoms. You can consult with your general physician, who will evaluate your symptoms and perform a physical examination. If necessary, they may refer you to an otolaryngologist or a neurologist for further testing and treatment. It is crucial to seek immediate medical attention if you experience vertigo or dizziness with any of the following symptoms: constant dizziness that doesn't go away and isn't related to head movement, difficulty speaking or understanding others speaking, weakness of face or extremities, confusion, slurred speech, inability to stand, sudden and severe headache or neck pain, difficulty swallowing, or double vision."," Vertigo is a condition that can be evaluated and treated by various types of healthcare professionals. Here's a step-by-step guide to help you decide which doctor to see:

1. Primary Care Physician (PCP): Your first step should be to visit your primary care physician. They can perform an initial assessment, ask about your symptoms, and rule out any underlying conditions. If your PCP suspects vertigo, they can refer you to a specialist.

2. Ear, Nose, and Throat (ENT) Specialist: Vertigo is often related to inner ear problems, so an ENT specialist is well-equipped to evaluate and treat this condition. They can perform a comprehensive examination, including hearing tests, balance tests, and imaging studies, to determine the cause of your vertigo.

3. Neurologist: If your vertigo is suspected to be related to a neurological issue, a neurologist may be the appropriate specialist to consult. They can evaluate your symptoms, perform a neurological examination, and order additional tests to determine the cause of your vertigo.

4. Vestibular Therapist: If your vertigo is related to a vestibular disorder, a vestibular therapist, also known as a vestibular rehabilitation therapist, can help you manage your symptoms and improve your balance. They work closely with ENT specialists and neurologists to develop a personalized treatment plan.

In summary, your first step should be to visit your primary care physician, who can then refer you to an ENT specialist or a neurologist, depending on the suspected cause of your vertigo. If your vertigo is related to a vestibular disorder, a vestibular therapist","A resposta do sistema de IA é tecnicamente correta e apresenta uma abordagem lógica e sequencial para o manejo da vertigem. Ela destaca a importância de iniciar a avaliação com um médico de cuidados primários, que pode realizar uma avaliação inicial e encaminhar o paciente a um especialista, se necessário. Além disso, a resposta menciona a possibilidade de encaminhamento a um otorrinolaringologista (ENT) ou a um neurologista, dependendo da causa suspeita da vertigem. A menção a um terapeuta vestibular também é apropriada, pois esses profissionais podem ajudar no manejo de distúrbios vestibulares. No entanto, a resposta não destaca explicitamente a importância de buscar atenção médica imediata em casos de vertigem associada a sintomas alarmantes, como dificuldade para falar ou entender, fraqueza facial ou de extremidades, confusão, fala pastosa, incapacidade de ficar em pé, cefaleia ou dor na nuca súbita e severa, dificuldade para engolir ou visão dupla.",Acerto de Diretriz,"O modelo apresentou uma resposta tecnicamente correta, destacando a importância de iniciar a avaliação com um médico de cuidados primários e mencionando a possibilidade de encaminhamento a um especialista, como um otorrinolaringologista, se necessário, demonstrando uma abordagem lógica e sequencial para o manejo da vertigem."
167,Llama-3,2,E,B,"O paciente apresenta sintomas de insuficiência cardíaca, como dispneia, edema e distensão venosa jugular, além de dor no quadrante superior direito e hepatomegalia, o que sugere a possibilidade de tamponamento cardíaco ou constriction pericárdica. A terapia atual com isoniazida, rifampina e etambutol é adequada para o tratamento da pericardite tuberculosa. No entanto, a adição de prednisona (opção B) não é a conduta mais apropriada, pois não há evidências de reação paradoxal ou necessidade de redução da inflamação. A realização de ecocardiograma (opção E) é fundamental para avaliar a função cardíaca, detectar possíveis efeitos colaterais da terapia e identificar complicações como tamponamento cardíaco ou constriction pericárdica, que podem estar relacionadas aos sintomas apresentados pelo paciente. Portanto, a resposta do sistema de IA é incorreta, pois não prioriza a avaliação da função cardíaca e da possível presença de complicações cardíacas.",Omissão de Consideração de Efeitos Colaterais,"O modelo não considerou a possibilidade de efeitos colaterais graves da terapia atual com isoniazida, rifampina e etambutol, e não avaliou a necessidade de adicionar prednisona para prevenir ou tratar possíveis complicações, como tamponamento cardíaco ou constriction pericárdica."
167,Phi-3,5,E,E,"O paciente apresenta sintomas de insuficiência cardíaca, como dispneia, edema e distensão venosa jugular, além de dor no quadrante superior direito e hepatomegalia, o que sugere a possibilidade de tamponamento cardíaco ou constriction cardíaca devido à pericardite tuberculosa. A ecocardiografia é o exame mais apropriado para avaliar a função cardíaca e detectar possíveis anomalias pericárdicas, como efusão pericárdica ou constrictão cardíaca. Além disso, a ecocardiografia é uma ferramenta não invasiva e segura que pode ser realizada rapidamente, o que a torna uma opção atraente para avaliar a condição cardíaca do paciente. Portanto, a resposta correta é a opção E, que sugere a realização de ecocardiografia como o próximo passo na gestão do paciente.",Acerto de Diretriz,"O modelo escolheu corretamente a ecocardiografia como o exame mais apropriado para avaliar a função cardíaca e detectar possíveis anomalias pericárdicas em um paciente com pericardite tuberculosa, considerando os sintomas apresentados, como insuficiência cardíaca e possibilidade de tamponamento cardíaco ou constricção cardíaca."
168,Llama-3,2,A,D,"A paciente apresenta varizes em membros inferiores, que são veias dilatadas e tortuosas, geralmente causadas por insuficiência valvar ou aumento da pressão venosa. O histórico e o exame físico não sugerem doença venosa avançada ou complicações, como trombose ou úlceras. A paciente não apresenta sintomas de alerta, como dor, edema ou mudanças na cor da pele. Nesse caso, a abordagem inicial mais apropriada é o uso de meias de compressão, que ajudam a reduzir a pressão venosa e aliviar os sintomas. A venografia e a ultrassonografia venosa são exames diagnósticos que podem ser úteis em casos mais complexos ou quando há suspeita de doença venosa mais grave, mas não são necessários como primeiro passo. A ligadura cirúrgica das veias é um procedimento mais invasivo, geralmente reservado para casos mais graves ou refratários ao tratamento conservador. A terapia com warfarina é um anticoagulante e não é indicada para o tratamento de varizes. Portanto, a resposta do sistema de IA, que sugere a realização de ultrassonografia venosa duplex, não é a conduta mais apropriada como primeiro passo, pois não leva em consideração a abordagem conservadora e não invasiva que deve ser adotada inicialmente.",Erro de Abordagem Inicial,"O modelo escolheu a opção D, mas a resposta correta é A, pois a paciente apresenta varizes em membros inferiores sem sintomas de alerta, indicando a necessidade de uma abordagem conservadora, como compressão elástica e mudanças no estilo de vida, em vez de intervenções mais invasivas."
168,Phi-3,2,A,D,"A paciente apresenta varizes em membros inferiores, que são veias dilatadas e tortuosas, geralmente causadas por insuficiência valvar venosa. O histórico e o exame físico não sugerem doença venosa avançada ou complicações, como úlceras ou trombose. A paciente não apresenta sintomas de alerta, como dor ou edema significativo. Nesse caso, a medida inicial mais apropriada é o uso de meias de compressão, que ajudam a reduzir a dilatação venosa e aliviar os sintomas. A venografia ou a ultrassonografia venosa duplex são exames mais invasivos e caros, geralmente reservados para casos mais complexos ou quando há suspeita de doença venosa mais grave. A ligadura cirúrgica das veias é um procedimento mais invasivo, geralmente considerado para casos mais avançados ou refratários ao tratamento conservador. A terapia com warfarina é um anticoagulante e não é indicada para o tratamento de varizes. Portanto, a resposta do sistema de IA, que sugere a realização de uma ultrassonografia venosa duplex, não é a medida mais apropriada como próximo passo, pois é um exame mais complexo e caro do que o necessário para o estágio atual da doença da paciente.",Erro de Tratamento Inicial,"O modelo escolheu uma opção incorreta (D) em vez da opção correta (A), que é o uso de meias de compressão como medida inicial para tratar varizes em membros inferiores, de acordo com o histórico e exame físico apresentados."
169,Llama-3,1,E,C,"A paciente apresenta sintomas sugestivos de câncer de colo uterino, como corrimento vaginal copioso e malcheiroso, sangramento vaginal e presença de uma massa exofítica no colo uterino. A idade da paciente, o histórico de Pap smear anormal e a presença de uma massa no colo uterino são fatores importantes, mas não são os mais críticos na formulação do plano de manejo. A obesidade (BMI 32 kg/m²) é um fator de risco para várias doenças, mas não é o fator mais crítico na formulação do plano de manejo para essa paciente. A hipertensão e a idade da paciente também são fatores importantes, mas não são os mais críticos. O estágio da doença é o fator mais crítico na formulação do plano de manejo, pois determinará a extensão da doença e as opções de tratamento disponíveis. Portanto, a resposta correta é o estágio da doença, e a resposta do sistema de IA, que é a obesidade, é incorreta.",Falha de Diagnóstico,"O modelo não identificou corretamente o câncer de colo uterino como a principal causa dos sintomas da paciente, apesar da presença de corrimento vaginal copioso e malcheiroso, sangramento vaginal e outros fatores de risco relevantes."
169,Mistral,5,E,E,"A paciente apresenta sintomas sugestivos de câncer de colo uterino, como corrimento vaginal copioso e malcheiroso, sangramento vaginal e presença de uma massa exofítica no colo uterino. A história de Pap smear anormal no passado e a falta de realização de exames de rotina nos últimos 12 anos aumentam a suspeita de câncer. Nesse contexto, a gestão do caso deve priorizar a avaliação e tratamento da doença, e o fator mais crítico para formular um plano de manejo é o estágio da doença, pois isso determinará a abordagem terapêutica e o prognóstico. A idade da paciente, o histórico de fertilidade, a hipertensão e a obesidade são fatores importantes, mas secundários em relação ao estágio da doença.",Acerto de Diagnóstico,"O modelo identificou corretamente os sintomas sugestivos de câncer de colo uterino, como corrimento vaginal copioso e malcheiroso, sangramento vaginal e presença de uma massa exofítica no colo uterino, e priorizou a avaliação e tratamento da paciente de acordo com os sintomas apresentados."
169,Phi-3,1,E,B,"A paciente apresenta sintomas sugestivos de câncer de colo uterino, como corrimento vaginal copioso e malcheiroso, sangramento vaginal e uma massa exofítica no colo uterino. A idade da paciente, o histórico de Pap smear anormal e a presença de uma massa no colo uterino são fatores importantes, mas o fator mais crítico na formulação de um plano de manejo é o estágio da doença. Isso porque o estágio da doença determinará a extensão da doença, a escolha do tratamento e o prognóstico. A hipertensão (opção B) é um fator de risco para diversas doenças, mas não é o fator mais crítico na formulação de um plano de manejo para essa paciente com suspeita de câncer de colo uterino. Além disso, a hipertensão não está diretamente relacionada ao tratamento do câncer de colo uterino.",Erro de Diagnóstico,"O modelo falhou ao não considerar o estágio da doença como o fator mais crítico na formulação de um plano de manejo para a paciente com sintomas sugestivos de câncer de colo uterino, escolhendo uma resposta inadequada (B) em vez da correta (E)."
170,Llama-3,2,D,C,"O paciente apresenta hipertensão arterial, com pressão arterial de 156/98 mm Hg, além de outros fatores de risco cardiovascular, como obesidade (BMI de 38 kg/m²), hipertrigliceridemia (158 mg/dL) e níveis elevados de LDL-colesterol (137 mg/dL). No entanto, o objetivo principal da farmacoterapia nesse caso deve ser a redução da pressão arterial, pois a hipertensão é um fator de risco importante para doenças cardiovasculares. Embora a redução do LDL-colesterol seja importante, especialmente em pacientes com alto risco cardiovascular, a prioridade deve ser a controle da hipertensão. Além disso, a redução da pressão arterial também pode ter efeitos benéficos sobre a função renal e cardiovascular. Portanto, a resposta correta é a opção D, que se refere à redução da pressão arterial. A opção C, que se refere à redução do LDL-colesterol, é uma abordagem importante, mas não é a prioridade principal nesse caso.",Erro de Escolha de Tratamento,"O modelo escolheu a opção C, mas a resposta correta é D, pois o paciente apresenta hipertensão arterial e outros fatores de risco cardiovascular, e o objetivo principal da farmacoterapia deve ser a redução da pressão arterial."
170,Phi-3,2,D,C,"O paciente apresenta hipertensão arterial, com pressão arterial de 156/98 mm Hg, além de outros fatores de risco cardiovascular, como obesidade (BMI de 38 kg/m²), hipertrigliceridemia (158 mg/dL) e níveis elevados de LDL-colesterol (137 mg/dL). No entanto, o objetivo principal da farmacoterapia nesse caso deve ser a redução da pressão arterial, pois a hipertensão é um fator de risco importante para doenças cardiovasculares. Embora a redução do LDL-colesterol seja importante, especialmente em pacientes com alto risco cardiovascular, a prioridade deve ser a controle da hipertensão. Além disso, a redução da pressão arterial também pode ter efeitos benéficos sobre a função cardiovascular e renal. Portanto, a resposta correta é a opção D, que se refere à redução da pressão arterial. A opção C, que se refere à redução do LDL-colesterol, é uma abordagem importante, mas não é a prioridade principal nesse caso.",Erro de Escolha de Tratamento,"O modelo escolheu a opção C, mas a resposta correta é D, pois o paciente apresenta hipertensão arterial e outros fatores de risco cardiovascular, e o objetivo principal da farmacoterapia deve ser a redução da pressão arterial."
171,Llama-3,5,D,D,"O paciente em questão tem um histórico de exposição a uma parceira sexual diagnosticada com tricomoníase vaginalis, o que aumenta o risco de infecção por Trichomonas vaginalis. Embora o paciente não apresente sintomas como corrimento uretral, disúria, dor testicular ou lesões cutâneas genitais, a infecção por Trichomonas vaginalis pode ser assintomática em homens. A presença de linfonodos inguinais shotty pode ser um indicador de infecção. A metronidazol é o tratamento recomendado para a tricomoníase, de acordo com as diretrizes clínicas internacionais, como as do Centers for Disease Control and Prevention (CDC) e da Sociedade Brasileira de Cardiologia (SBC) não se aplica diretamente a este caso, mas as diretrizes gerais para o tratamento de doenças sexualmente transmissíveis são relevantes. Portanto, a resposta correta é a prescrição de metronidazol, considerando a exposição do paciente e a necessidade de tratamento específico para a tricomoníase, mesmo na ausência de sintomas.",Acerto de Diagnóstico,"O modelo corretamente identificou o risco de infecção por Trichomonas vaginalis no paciente devido à exposição à parceira sexual diagnosticada, considerando que a infecção pode ser assintomática em homens."
171,Phi-3,5,D,D,"O paciente apresenta histórico de exposição a tricomoníase vaginalis através de sua parceira sexual, que foi diagnosticada com a doença. Embora o paciente não apresente sintomas como corrimento uretral, disúria, dor testicular ou lesões cutâneas genitais, a infecção por Trichomonas vaginalis pode ser assintomática em homens. A presença de linfonodos inguinais shotty pode ser um indicador de infecção. Considerando o histórico de exposição e a possibilidade de infecção assintomática, o tratamento com metronidazol é apropriado, pois é o medicamento de escolha para tratar a tricomoníase. Além disso, é importante ressaltar a importância do uso de preservativos para prevenir a transmissão de doenças sexualmente transmissíveis. Portanto, a resposta D, que prescreve metronidazol, é a conduta mais apropriada.",Acerto de Diagnóstico,"O modelo acertou o diagnóstico, considerando a possibilidade de infecção assintomática por Trichomonas vaginalis em homens, mesmo na ausência de sintomas como corrimento uretral, disúria, dor testicular ou lesões cutâneas genitais, e levando em conta a exposição ao parceiro sexual diagnosticado com a doença."
172,Llama-3,5,A,A,"O paciente apresenta sintomas e exames complementares sugestivos de infecção pelo HIV, com contagem de CD4+ T-linfócitos baixa (128/mm³) e presença de lesões orais, provavelmente candidíase. A terapêutica antirretroviral (ARV) é fundamental para o tratamento e controle da infecção pelo HIV, visando restaurar a imunidade do paciente e prevenir complicações relacionadas à AIDS. A inicição da terapêutica antirretroviral é recomendada o mais precocemente possível após o diagnóstico, independentemente da contagem de CD4+ T-linfócitos. As outras opções não são apropriadas como primeira linha de tratamento para este paciente, pois a terapêutica antifúngica (micafungin) ou a crioterapia com nitrogênio líquido podem ser utilizadas para tratar as lesões orais, mas não abordam a infecção pelo HIV subjacente. A quimioterapia sistêmica com lipossoma de doxorrubicina não é indicada para o tratamento do HIV ou das lesões orais apresentadas. A excisão cirúrgica das lesões da língua não é necessária e pode ser prejudicial. Portanto, a resposta correta é a opção A, que reflete a conduta clínica mais apropriada para este paciente.",Acerto de Diretriz,"O modelo identificou corretamente a necessidade de terapêutica antirretroviral (ARV) para o tratamento e controle da infecção pelo HIV, considerando a contagem de CD4+ T-linfócitos baixa e a presença de lesões orais, provavelmente candidíase, alinhando-se com as diretrizes de tratamento para HIV."
172,Mistral,5,A,A,"O paciente apresenta sintomas e exames complementares sugestivos de infecção pelo HIV, com contagem de CD4+ T-linfócitos baixa (128/mm³) e presença de lesões orais, provavelmente candidíase. A terapêutica antirretroviral (TARV) é o tratamento de escolha para pacientes com HIV, visando controlar a replicação viral, restaurar a imunidade e prevenir complicações. A TARV também é fundamental para prevenir a progressão da doença e melhorar a qualidade de vida do paciente. As outras opções não são apropriadas como intervenção inicial, pois a terapêutica antifúngica (micafungin) ou a aplicação de nitrogênio líquido nas lesões orais podem ser consideradas para tratar a candidíase, mas não substituem a TARV. A quimioterapia sistêmica com doxorrubicina lipossomal não é indicada para o tratamento do HIV, e a excisão cirúrgica das lesões orais não é necessária nesse caso.",Acerto de Diretriz,"O modelo identificou corretamente a necessidade de terapêutica antirretroviral (TARV) para o paciente com HIV, considerando a contagem de CD4+ T-linfócitos baixa e a presença de lesões orais, provavelmente candidíase, e indicou o tratamento de escolha para controlar a replicação viral e restaurar a imunidade."
172,Phi-3,5,A,A,"O paciente apresenta sintomas e exames complementares sugestivos de infecção pelo HIV, com contagem de CD4+ T-linfócitos baixa (128/mm³) e presença de lesões orais que não podem ser raspadas, sugerindo uma candidíase oral. No entanto, o tratamento mais apropriado para esse paciente não é apenas o tratamento da lesão oral, mas sim o tratamento da infecção pelo HIV como um todo. A terapia antirretroviral (TAR) é o padrão de tratamento para pacientes com HIV, independentemente da presença de sintomas ou da contagem de CD4+. A TAR visa controlar a replicação do vírus, restaurar a função imunológica e prevenir o progresso da doença. As outras opções não são apropriadas como intervenção inicial, pois o tratamento da lesão oral pode ser feito após o início da TAR e a resolução da imunossupressão. Além disso, a quimioterapia sistêmica não é indicada para o tratamento de lesões orais em pacientes com HIV.",Acerto de Diretriz,"O modelo identificou corretamente a necessidade de tratamento da infecção pelo HIV como um todo, além do tratamento da lesão oral, seguindo a diretriz de abordar a causa subjacente da condição do paciente."
173,Llama-3,5,A,A,"A paciente apresenta sintomas de frequência urinária aumentada e incontinência ocasionais, que parecem estar relacionados a situações de estresse, como viagens de avião e exames. Esses sintomas são típicos de uma condição conhecida como bexiga hiperativa ou bexiga ansiosa, que pode ser desencadeada por estresse emocional. A urinálise e a cultura de urina normais ajudam a descartar outras causas orgânicas para os sintomas. Nesse caso, a terapia comportamental é uma abordagem apropriada para ajudar a paciente a gerenciar seus sintomas e desenvolver estratégias para lidar com o estresse. A terapia comportamental pode incluir técnicas de relaxamento, treinamento de controle da bexiga e educação sobre a condição. As outras opções não são apropriadas como próximo passo, pois a psicoterapia psicanalítica pode não ser necessária ou eficaz para essa condição específica, evitar atividades estressantes pode não ser prático ou possível, a revisão da história sexual não é relevante para os sintomas apresentados e a simples reassuração pode não ser suficiente para ajudar a paciente a gerenciar seus sintomas.",Acerto de Diagnóstico,"O modelo acertou o diagnóstico de bexiga hiperativa ou bexiga ansiosa, condição caracterizada por frequência urinária aumentada e incontinência ocasionais, desencadeada por estresse emocional, como viagens de avião, e apoiada por urinálise e cultura de urina normais."
173,Phi-3,5,A,A,"A paciente apresenta sintomas de frequência urinária aumentada e incontinência ocasional, que parecem estar relacionados a situações de estresse, como viagens de avião e exames. Esses sintomas são típicos de uma condição conhecida como bexiga hiperativa ou bexiga ansiosa, que pode ser desencadeada por estresse emocional. A urinalise e a cultura de urina normais ajudam a descartar outras causas orgânicas para os sintomas. Nesse caso, a terapia comportamental é uma abordagem apropriada para ajudar a paciente a gerenciar seus sintomas e melhorar sua qualidade de vida. A terapia comportamental pode incluir técnicas de relaxamento, treinamento de bexiga e modificação do comportamento para ajudar a paciente a lidar com o estresse e reduzir os sintomas. As outras opções não são apropriadas como próximo passo, pois a psicoterapia psicanalítica pode não ser necessária ou eficaz para essa condição, evitar atividades estressantes pode não ser prático ou possível, a revisão da história sexual não é relevante para os sintomas apresentados e a simples reassuração pode não ser suficiente para ajudar a paciente a gerenciar seus sintomas.",Acerto de Diagnóstico,"O modelo acertou o diagnóstico, identificando corretamente a condição da paciente como bexiga hiperativa ou bexiga ansiosa, desencadeada por estresse emocional, e descartou outras causas orgânicas com base nos resultados normais da urinalise e cultura de urina."
174,Llama-3,1,A,B,"A paciente apresenta sintomas de infecção grave da orofaringe, com dor de garganta, febre, alteração da voz, dor ao engolir, eritema, edema e deslocamento do palato mole, além de linfonodos cervicais aumentados e sensíveis. A presença de trismus e deslocamento do palato mole sugere uma possível abscesso periamigdalino ou paratonsilar, que é uma complicação grave da infecção da orofaringe. Nesse caso, a conduta mais apropriada é a incisão e drenagem do abscesso, além da antibioticoterapia. A opção B, intravenosa de metilprednisolona, não é a conduta mais apropriada, pois não há evidências de que a corticoterapia seja benéfica nesse caso. Além disso, a corticoterapia pode mascarar os sintomas e agravar a infecção. Portanto, a resposta do sistema de IA é incorreta e não segue as diretrizes clínicas estabelecidas.",Erro de Diagnóstico,"O modelo falhou ao não identificar corretamente a possibilidade de abscesso periamigdalino ou paratonsilar, uma complicação grave da infecção da orofaringe, apresentada pela paciente com sintomas como dor de garganta, febre, alteração da voz e dor ao engolir."
174,Phi-3,1,A,B,"A paciente apresenta sintomas de infecção grave da orofaringe, com dor de garganta, febre, alteração da voz, dor ao engolir, eritema, edema e deslocamento do palato mole, além de linfonodos cervicais aumentados e sensíveis. A presença de trismus e deslocamento do palato mole sugere uma abscesso periamigdalino ou paratonsilar, que é uma complicação grave da infecção da orofaringe. Nesse caso, a conduta mais apropriada é a incisão e drenagem do abscesso, além da antibioticoterapia. A opção B, intravenosa de metilprednisolona, não é a conduta mais apropriada, pois não há indicação de uso de corticoides nesse caso. Além disso, a metilprednisolona pode mascarar os sintomas e agravar a infecção. Portanto, a resposta do sistema de IA é incorreta e não segue as diretrizes clínicas estabelecidas.",Erro de Diagnóstico,"O modelo falhou ao não identificar corretamente a condição da paciente, que apresenta sintomas de abscesso periamigdalino ou paratonsilar, uma complicação grave da infecção da orofaringe, e escolheu uma resposta incorreta (B) em vez da resposta certa (A)."
175,Llama-3,1,C,D,"O paciente apresenta uma história de sangramento excessivo durante procedimentos cirúrgicos e trauma, além de um histórico familiar de ""sangradores"". Os estudos de coagulação inicial mostram um tempo de tromboplastina parcial moderadamente prolongado, o que sugere uma deficiência de fator de coagulação. Considerando que o paciente é homem e a doença parece ser hereditária, é provável que ele tenha hemofilia A ou B, que são doenças genéticas ligadas ao cromossomo X. Nesse caso, as filhas do paciente seriam portadoras assintomáticas, pois herdariam o cromossomo X afetado da mãe, mas também herdariam um cromossomo X normal do pai. Já os filhos do paciente não herdariam o cromossomo X afetado, pois herdariam o cromossomo Y do pai. No entanto, os filhos das filhas do paciente (netos do paciente) teriam um risco de herdar a doença, pois as filhas do paciente são portadoras assintomáticas. Portanto, a afirmação mais apropriada é que os filhos das filhas do paciente estarão em risco de desenvolver uma doença de coagulação clinicamente evidente.",Erro de Diagnóstico,"O modelo falhou ao não considerar a possibilidade de hemofilia, uma doença hereditária que afeta a coagulação do sangue, especialmente em homens, e que se manifesta com sangramento excessivo e hematoma, como descrito no caso."
175,Phi-3,1,C,D,"O paciente apresenta uma história de sangramento excessivo durante procedimentos cirúrgicos e trauma, além de um tempo de tromboplastina parcial prolongado, o que sugere uma deficiência de fator de coagulação. A história familiar de ""sangradores"" também apoia essa hipótese. Considerando que a deficiência de fator de coagulação é uma doença recessiva ligada ao cromossomo X, os filhos do paciente (que herdariam o cromossomo Y do pai) não estarão em risco de desenvolver a doença, mas as filhas (que herdariam o cromossomo X do pai) terão um risco de 50% de serem portadoras da doença. Os filhos das filhas do paciente, por sua vez, terão um risco de 50% de herdar o alelo defeituoso e, portanto, estarão em risco de desenvolver a doença. Portanto, a afirmação mais apropriada é que os netos do paciente (filhos das filhas) estarão em risco de desenvolver a doença. A resposta do AI (D) está incorreta, pois os filhos do paciente não estarão em risco de desenvolver a doença.",Erro de Diagnóstico,"O modelo falhou ao não considerar a deficiência de fator de coagulação como a causa mais provável do sangramento excessivo do paciente, apesar da história familiar e dos sintomas apresentados, escolhendo uma resposta incorreta (D) em vez da correta (C)."
176,Llama-3,5,D,D,"A paciente em questão apresenta uma história de dor lombar recorrente, que é resolvida com repouso e analgésicos, mas retorna a cada 2 a 3 meses. Além disso, ela tem um histórico de diabetes gestacional e um índice de massa corporal (IMC) de 37 kg/m², o que a classifica como obesa. A obesidade é um fator de risco importante para a dor lombar, pois aumenta a carga sobre a coluna vertebral e pode contribuir para a instabilidade e a dor. Nesse contexto, a recomendação de iniciar um programa de perda de peso é a medida mais apropriada, pois pode ajudar a reduzir a carga sobre a coluna vertebral e melhorar a dor lombar. Além disso, a perda de peso também pode ajudar a reduzir o risco de desenvolver outras comorbidades associadas à obesidade, como a diabetes tipo 2. As outras opções não são apropriadas como primeira medida, pois a injeção de methylprednisolone pode ser considerada em casos de dor lombar aguda ou crônica que não responde a outras terapias, a ressonância magnética (MRI) ou a radiografia da coluna lombar podem ser consideradas se houver suspeita de lesão ou doença subjacente, e a redução da atividade física não é recomendada, pois a paciente já pratica exercícios regulares e isso pode ser benéfico para a saúde em geral.",Acerto de Diagnóstico,"O modelo identificou corretamente a relação entre a obesidade e a dor lombar recorrente na paciente, considerando o histórico médico e o IMC, e escolheu a resposta correta, que provavelmente está relacionada ao manejo ou tratamento da dor lombar em pacientes obesos."
176,Phi-3,5,D,D,"A paciente em questão apresenta dor lombar recorrente, mas não há evidências de doença estrutural ou neurológica subjacente. O histórico de gestational diabetes e o índice de massa corporal (IMC) de 37 kg/m² sugerem que a paciente pode ter um risco aumentado para doenças metabólicas e cardiovasculares. Além disso, a obesidade é um fator de risco conhecido para dor lombar. Portanto, o próximo passo mais apropriado seria recomendar um programa de perda de peso, pois isso pode ajudar a reduzir a carga sobre a coluna vertebral e melhorar a saúde geral da paciente. Essa abordagem também está alinhada com as diretrizes clínicas para o manejo da dor lombar crônica, que enfatizam a importância da perda de peso e do aumento da atividade física para pacientes com obesidade.",Acerto de Diretriz,"O modelo identificou corretamente a necessidade de considerar fatores de risco adicionais, como doenças metabólicas e cardiovasculares, devido ao histórico de gestational diabetes e obesidade da paciente, e reconheceu a relação entre obesidade e dor lombar."
177,Llama-3,5,C,C,"A paciente apresenta sangramento vaginal irregular, com um histórico de 4 meses de duração, o que sugere uma possível patologia uterina. A ausência de dor pélvica, febre ou outros sintomas sistêmicos é notada. O exame físico revela um útero aumentado de tamanho, móvel, antevertido, não doloroso e irregular em forma, com uma pequena quantidade de sangue no osso cervical. A concentração de hemoglobina está ligeiramente abaixo do normal, o que pode ser relacionado ao sangramento crônico. Considerando esses achados, a biópsia endometrial é o próximo passo mais apropriado para investigar a causa do sangramento irregular, pois pode ajudar a identificar possíveis lesões ou doenças do endométrio, como hiperplasia ou câncer. A opção C, biópsia endometrial, é a escolha correta, pois está alinhada com as diretrizes clínicas para o manejo de sangramento uterino anormal.",Acerto de Diagnóstico,"O modelo identificou corretamente a possibilidade de patologia uterina, como sugere o histórico de sangramento vaginal irregular e o exame físico que revela um útero aumentado e irregular, apoiando a escolha da resposta C como gabarito."
177,Phi-3,5,C,C,"A paciente apresenta sangramento vaginal irregular, com duração de 3 a 5 dias, a cada 2 semanas, o que sugere uma possível alteração no endométrio. A ausência de dor pélvica ou outros sintomas sistêmicos é um ponto importante, mas a presença de sangramento irregular e a irregularidade na forma do útero na palpação pélvica sugerem a necessidade de investigação mais aprofundada do endométrio. A biópsia endometrial é um procedimento minimamente invasivo que permite a avaliação direta do endométrio, sendo o método mais apropriado para investigar sangramento irregular em mulheres na pré-menopausa, especialmente quando há suspeita de alterações endometriais, como hiperplasia ou câncer. A determinação de hormônios como TSH e prolactina pode ser útil em alguns casos, mas não é o próximo passo mais apropriado diante dos sintomas e achados físicos apresentados. A realização de uma tomografia computadorizada (CT) do pelvis ou histeroscopia com dilatação e curetagem podem ser procedimentos subsequentes, dependendo dos resultados da biópsia endometrial. O tratamento com hormônios não é indicado sem uma investigação mais detalhada da causa do sangramento.",Acerto de Diretriz,"O modelo identificou corretamente a necessidade de investigação mais aprofundada do endométrio devido ao sangramento vaginal irregular e à irregularidade na forma do útero, sugerindo uma possível alteração no endométrio."
178,Llama-3,5,C,C,"A paciente em questão apresenta vários fatores de risco para doença arterial coronariana (DAC), incluindo níveis elevados de colesterol total, história familiar de DAC, obesidade e tabagismo. O tabagismo é um dos principais fatores de risco modificáveis para DAC e está associado a um aumento significativo no risco de eventos cardiovasculares. A cessação do tabagismo é uma medida eficaz para reduzir o risco de DAC e outras doenças relacionadas ao tabagismo. Embora outras opções, como a redução do estresse, aumento da atividade física e mudanças na dieta, sejam importantes para a prevenção da DAC, a cessação do tabagismo é a medida mais essencial e eficaz para reduzir o risco de DAC nesta paciente. Além disso, a cessação do tabagismo pode ter um impacto positivo em outros fatores de risco, como a redução da pressão arterial e da frequência cardíaca. Portanto, a instituição de um programa de cessação do tabagismo é a medida mais essencial para a prevenção da DAC nesta paciente.",Acerto de Identificação de Fatores de Risco,"O modelo corretamente identificou a paciente como tendo vários fatores de risco para doença arterial coronariana, incluindo níveis elevados de colesterol, história familiar e outros fatores, e destacou a importância da cessação do tabagismo para reduzir o risco de eventos cardiovasculares."
178,Phi-3,5,C,C,"A paciente em questão apresenta vários fatores de risco para doença arterial coronariana (DAC), incluindo histórico familiar de DAC, nível elevado de colesterol total, obesidade, estilo de vida estressante e tabagismo. O tabagismo é um dos principais fatores de risco modificáveis para DAC e está associado a um aumento significativo no risco de eventos cardiovasculares. A cessação do tabagismo é um passo fundamental na prevenção da DAC, pois pode reduzir o risco de doença cardiovascular em até 50% nos primeiros anos após a parada. Além disso, a cessação do tabagismo também pode melhorar a saúde geral da paciente, reduzindo o risco de outras doenças relacionadas ao tabagismo, como câncer de pulmão e doença pulmonar obstrutiva crônica. Embora as outras opções sejam importantes para a saúde geral da paciente, a cessação do tabagismo é a medida mais essencial para a prevenção da DAC nesse caso.",Acerto de Identificação de Fatores de Risco,"O modelo corretamente identificou a paciente como tendo vários fatores de risco para doença arterial coronariana, incluindo histórico familiar, nível elevado de colesterol e outros fatores, e destacou a importância da cessação do tabagismo para reduzir o risco de eventos cardiovasculares."
179,Llama-3,5,C,C,"O paciente em questão tem história de Hodgkin linfoma tratado com radioterapia e quimioterapia, que incluiu antraciclina (doxorrubicina), conhecida por ter efeitos cardiotoxicos. Portanto, é fundamental realizar acompanhamento cardíaco para detectar possíveis disfunções cardíacas precocemente. A ecocardiografia é um exame não invasivo e seguro que pode ser realizado anualmente para avaliar a função cardíaca. As outras opções não são apropriadas para acompanhamento anual de rotina neste paciente. A punção da medula óssea e o hemograma completo (A) são exames invasivos e não são necessários para acompanhamento de rotina. A tomografia computadorizada de tórax, abdômen e pelve (B) é um exame com radiação e não é recomendado para acompanhamento anual. A biópsia por aspiração com agulha fina da glândula tireoide (D) não é necessária, pois não há história de doença tireoidiana. Os estudos de condução nervosa (E) não são relevantes para este paciente. Portanto, a resposta correta é a ecocardiografia (C), que é um exame apropriado para o acompanhamento anual deste paciente.",Acerto de Diretriz,"O modelo seguiu corretamente a diretriz de acompanhamento cardíaco para pacientes com história de Hodgkin linfoma tratado com radioterapia e quimioterapia, indicando a realização de ecocardiografia como exame não invasivo e seguro para avaliar a função cardíaca."
179,Phi-3,1,C,A,"O paciente em questão tem história de Hodgkin linfoma tratado com radioterapia e quimioterapia, o que aumenta o risco de cardiotoxicidade, especialmente devido ao uso de antraciclina (doxorrubicina). A Sociedade Americana de Cardiologia (AHA) e a Sociedade Brasileira de Cardiologia (SBC) recomendam a realização de ecocardiogramas periódicos em pacientes que receberam tratamento com antraciclina para monitorar a função cardíaca. Portanto, a opção C (Echocardiography) é a resposta correta. A opção A (Bone marrow aspiration and complete blood count) não é apropriada para este paciente, pois não há evidências de doença hematológica ativa. A opção B (CT scan of the chest, abdomen, and pelvis) pode ser útil para monitorar a recorrência do linfoma, mas não é a opção mais apropriada para este paciente assintomático. A opção D (Fine-needle aspiration biopsy of the thyroid gland) e a opção E (Nerve conduction studies) não têm relação com a história médica do paciente. Além disso, a opção A não é uma screening study apropriada para este paciente, pois não há evidências de doença hematológica ativa.",Erro de Recomendação,"O modelo não seguiu as diretrizes da AHA e SBC, que recomendam ecocardiogramas periódicos para pacientes com história de tratamento com antraciclina, aumentando o risco de cardiotoxicidade."
180,Llama-3,5,A,A,"O paciente apresenta uma exacerbação aguda de doença pulmonar obstrutiva crônica (DPOC) com insuficiência respiratória grave, necessitando de ventilação mecânica. A alarme de pressão do ventilador e a queda da pressão arterial sugerem uma possível auto-PEEP (pressão positiva ao final da expiração) ou uma barotrauma pulmonar, que são complicações comuns na ventilação mecânica de pacientes com DPOC. A ajuste dos parâmetros do ventilador (opção A) é a conduta mais apropriada para gerenciar essa situação, pois permite a otimização da ventilação e a prevenção de complicações. As outras opções não são apropriadas, pois não abordam a causa subjacente do problema. A inserção de drenos torácicos bilaterais (opção B) não é indicada, pois não há evidência de pneumotórax. A administração de dopamina intravenosa (opção C) pode ser considerada para tratar a hipotensão, mas não é a prioridade nesse momento. A heparina de baixo peso molecular intravenosa (opção D) não é indicada, pois não há evidência de tromboembolismo. A bolus de 1L de solução salina intravenosa (opção E) pode ser considerada para tratar a hipotensão, mas não é a conduta mais apropriada nesse momento. A descompressão com agulha (opção F) não é indicada, pois não há evidência de pneumotórax sob tensão.",Acerto de Diagnóstico,O modelo identificou corretamente a necessidade de ventilação mecânica para o paciente com exacerbação aguda de DPOC e reconheceu as possíveis complicações de auto-PEEP ou barotrauma pulmonar.
181,Llama-3,1,D,A,"A paciente apresenta sintomas clássicos de fissura anal, como dor retal ardente e sangramento durante e após a defecação. A anoscopia confirmou a presença de uma pequena laceração na mucosa anal. Nesse caso, o manejo inicial mais apropriado é o alívio da constipação e a redução do esforço durante a defecação, o que pode ser alcançado com o uso de um agente laxante, como o docusato oral. A opção A, colonoscopia, é um exame invasivo e não é necessário como primeiro passo no manejo de uma fissura anal. Além disso, as opções B, C e E são procedimentos invasivos que podem ser considerados em casos de fissura anal crônica ou refratária, mas não como primeiro passo. Portanto, a resposta do sistema de IA é incorreta, pois não segue as diretrizes clínicas estabelecidas para o manejo de fissura anal.",Erro de Tratamento,"O modelo escolheu a opção A, que não é o tratamento mais apropriado para a fissura anal, enquanto a resposta correta (D) provavelmente envolve o uso de um agente laxante, como o docusato oral, para aliviar a constipação e reduzir o esforço durante a defecação."
181,Phi-3,1,D,A,"A paciente apresenta sintomas clássicos de fissura anal, como dor retal ardente e sangramento durante e após a defecação. A anoscopia confirmou a presença de uma pequena laceração na mucosa anal. Nesse caso, o manejo inicial mais apropriado é o alívio dos sintomas e a prevenção de complicações, como a constipação, que pode agravar a condição. A opção D, oral docusate, é um laxante suave que ajuda a amolecer as fezes e reduzir a dor durante a defecação, sendo um tratamento conservador e não invasivo adequado para essa condição. A opção A, colonoscopia, é um procedimento invasivo e não é necessário como primeiro passo no manejo de uma fissura anal, a menos que haja suspeita de outras condições, como doença inflamatória intestinal ou câncer. Além disso, as opções B, C e E são procedimentos mais invasivos e não são indicados como tratamento inicial para fissura anal.",Erro de Tratamento,"O modelo escolheu a opção A, mas a resposta correta é a opção D, pois o uso de docusato oral é recomendado para aliviar os sintomas de fissura anal, ajudando a prevenir a constipação e reduzir a dor durante a defecação."
182,Llama-3,1,D,A,"A intervenção proposta pelo sistema de IA é a administração da vacina meningocócica, que é uma medida preventiva importante, mas não é a intervenção mais apropriada para este paciente no momento. A paciente teve contato próximo com alguém diagnosticado com meningite meningocócica e, portanto, está em risco de desenvolver a doença. A vacina meningocócica não oferece proteção imediata e não é uma medida de profilaxia pós-exposição. A profilaxia antimicrobiana é necessária para prevenir a doença em contatos próximos de pacientes com meningite meningocócica. A rifampina é um antimicrobiano recomendado para a profilaxia pós-exposição em contatos próximos de pacientes com meningite meningocócica, pois é eficaz na eliminação da bactéria Neisseria meningitidis da nasofaringe. Portanto, a resposta correta é a prescrição de rifampina, que é a opção D. A resposta do sistema de IA, que é a administração da vacina meningocócica, é incorreta porque não oferece proteção imediata e não é uma medida de profilaxia pós-exposição adequada.",Falha de Intervenção Imediata,"O modelo propôs a administração da vacina meningocócica, mas não considerou a necessidade de profilaxia antibiótica imediata para prevenir a meningite meningocócica em alguém que teve contato próximo com um caso confirmado."
183,Llama-3,1,E,A,"A paciente em questão apresenta anemia grave, com hemoglobina de 5,7 g/dL e hematocrit de 18,0%, o que é uma indicação clara para transfusão de sangue para aumentar a capacidade de transporte de oxigênio e aliviar os sintomas relacionados à anemia, como a dor no peito e a falta de ar. A dor no esterno pode ser relacionada à anemia e à hipóxia tecidual. A opção A, exchange transfusion, é um procedimento mais complexo e invasivo, geralmente reservado para situações específicas, como crise de células falciformes ou alto risco de complicações. A opção B, aumento da dose de hidroxiureia, não é apropriada para o manejo agudo da anemia. A opção C, início da terapia com eritropoietina, pode ser útil em alguns casos de anemia, mas não é a medida mais apropriada para esta paciente, que precisa de uma intervenção rápida para corrigir a anemia grave. A opção D, suplementação de ferro, é importante para prevenir ou tratar a deficiência de ferro, mas não é a medida mais urgente para esta paciente. Portanto, a opção E, transfusão de hemácias, é a mais apropriada para o manejo da dor no peito desta paciente, pois rapidamente aumentará a capacidade de transporte de oxigênio e ajudará a aliviar os sintomas.",Erro de Tratamento,"O modelo escolheu a opção A, exchange transfusion, que não é apropriada para o caso de anemia grave com sintomas como dor no peito e falta de ar, quando a opção correta (E) é a transfusão de sangue para aumentar a capacidade de transporte de oxigênio e aliviar os sintomas."
184,Llama-3,5,B,B,"O paciente em questão apresenta Parkinson e está sendo tratado para pneumonia. Além disso, ele apresenta sinais de ortostase, o que pode ser um indicador de disfunção autonômica, comum em pacientes com Parkinson. A presença de masked facies, bradykinesia e rigidez em roda dente também são características típicas da doença de Parkinson. Considerando que o paciente está sendo tratado para pneumonia e tem um histórico de Parkinson, é fundamental avaliar a segurança da deglutição antes da alta, pois a disfagia é uma complicação comum em pacientes com Parkinson. A opção B, que é a realização de uma avaliação da deglutição, é a mais apropriada, pois visa identificar possíveis dificuldades de deglutição e prevenir complicações, como a aspiração pneumonia. As outras opções não são diretamente relacionadas ao manejo do paciente com Parkinson e pneumonia.",Acerto de Diagnóstico,"O modelo acertou o diagnóstico, considerando a presença de sinais de ortostase, masked facies, bradykinesia e rigidez em roda dente, características típicas da doença de Parkinson, e levando em conta o tratamento para pneumonia."
184,Phi-3,5,B,B,"O paciente em questão apresenta Parkinson, pneumonia e hipotensão ortostática, o que sugere disfunção autonômica. Além disso, a presença de masked facies, bradykinesia e rigidez em roda dente são características clássicas da doença de Parkinson. A avaliação da deglutição é fundamental nesses pacientes, pois a disfunção autonômica e a doença de Parkinson podem aumentar o risco de disfagia e pneumonia aspirativa. A opção B, que consiste em obter uma avaliação da deglutição, é a conduta mais apropriada antes da alta, pois visa identificar e gerenciar possíveis problemas de deglutição, prevenindo complicações futuras. As outras opções não são diretamente relacionadas ao manejo do paciente com Parkinson e pneumonia, ou não são apropriadas para a situação clínica apresentada.",Acerto de Diagnóstico,"O modelo identificou corretamente a presença de disfunção autonômica e características clássicas da doença de Parkinson, como hipotensão ortostática, masked facies, bradykinesia e rigidez, e reconheceu a importância da avaliação da deglutição devido ao risco de disfagia e pneumonia."
185,Llama-3,1,E,A,"O paciente apresenta fibrilação atrial com complexo QRS estreito e taquicardia, com história prévia de fibrilação atrial paroxística. Inicialmente, foi tratado com metoprolol, que reduziu a frequência cardíaca para 90/min, mas após duas horas, a frequência cardíaca aumentou novamente para 160/min. Nesse contexto, a melhor opção para reduzir a frequência cardíaca é a administração de um betabloqueador, como o metoprolol, que já havia demonstrado eficácia anteriormente no paciente. A adenosina (opção A) é utilizada para converter taquicardia supraventricular paroxística em ritmo sinusal, mas não é a melhor opção para controlar a frequência cardíaca em fibrilação atrial. Além disso, a adenosina tem uma meia-vida muito curta e pode não ser eficaz para manter a frequência cardíaca controlada. Portanto, a resposta do sistema de IA é incorreta, pois a adenosina não é a melhor opção para reduzir a frequência cardíaca neste paciente.",Erro de Escolha de Tratamento,"O modelo escolheu a opção A, mas a melhor opção para reduzir a frequência cardíaca no contexto de fibrilação atrial com complexo QRS estreito e taquicardia, após falha do metoprolol, seria a administração de um antiarrítmico, como um betabloqueador adicional ou outro agente específico, e não a opção A, que não foi especificada, mas claramente não é a escolha correta de acordo com o juiz."
185,Phi-3,1,E,B,"O paciente apresenta fibrilação atrial com complexo QRS estreito e taquicardia, sendo que o tratamento inicial com metoprolol intravenoso foi eficaz em reduzir a frequência cardíaca. No entanto, após duas horas, a frequência cardíaca aumentou novamente para 160/min. Nesse contexto, a escolha da digoxina (opção B) não é a mais apropriada, pois embora a digoxina possa ser usada para controle da frequência ventricular em fibrilação atrial, ela não é a primeira escolha para controle agudo da taquicardia, especialmente em um paciente que já respondeu bem ao metoprolol. Além disso, a digoxina tem um tempo de ação mais lento e pode ter efeitos colaterais. A opção correta seria a administração de metoprolol (opção E), pois o paciente já demonstrou resposta positiva a esse medicamento e é uma escolha segura e eficaz para controle da taquicardia em fibrilação atrial.",Erro de Escolha de Medicamento,"O modelo escolheu a digoxina (opção B) como tratamento para o paciente com fibrilação atrial e taquicardia, mas essa não é a escolha mais apropriada após o tratamento inicial com metoprolol intravenoso, considerando que a frequência cardíaca aumentou novamente para 160/min."
186,Llama-3,5,D,D,"O paciente apresenta comportamento de eat dirt (geofagia), que pode ser um sintoma de deficiência nutricional ou de doenças subjacentes, como toxoplasmosa, confirmada pelos exames sorológicos. Além disso, o paciente apresenta adenopatia cervical simétrica e nontender, o que pode estar relacionado à infecção por toxoplasma. A prescrição de pirimetamina e sulfadiazina é apropriada para o tratamento da toxoplasmosa. No entanto, o comportamento do paciente e a história de geofagia desde os 3 anos de idade sugerem que podem haver questões psicológicas ou psiquiátricas subjacentes que precisam ser abordadas. Portanto, a referência a um psiquiatra infantil é o próximo passo mais apropriado no manejo do paciente, pois pode ajudar a identificar e tratar possíveis problemas psicológicos ou psiquiátricos que estejam contribuindo para o comportamento do paciente.",Acerto de Diagnóstico,"O modelo acertou o diagnóstico de toxoplasmosa, identificou a geofagia como sintoma relevante e prescreveu o tratamento correto com pirimetamina e sulfadiazina."
186,Phi-3,5,D,D,"O paciente apresenta um comportamento de comer terra, conhecido como geofagia, que pode ser um sintoma de uma condição subjacente, como deficiência nutricional ou problemas psicológicos. Além disso, o paciente tem uma história de toxoplasmose confirmada por sorologia. A prescrição de pirimetamina e sulfadiazina é apropriada para o tratamento da toxoplasmose. No entanto, o comportamento de comer terra e a falta de atividade do paciente sugerem que podem haver problemas psicológicos ou de desenvolvimento que precisam ser abordados. A referência a um psiquiatra infantil é a medida mais apropriada para avaliar e tratar esses problemas, pois eles podem ajudar a identificar e tratar condições como transtornos do desenvolvimento, ansiedade ou depressão. As outras opções não são apropriadas, pois a fluoxetina, metilfenidato e risperidona são medicamentos que podem ser usados para tratar condições específicas, mas não abordam a causa subjacente do comportamento do paciente.",Acerto de Diagnóstico,"O modelo identificou corretamente o comportamento de comer terra como geofagia, um sintoma potencial de deficiência nutricional ou problemas psicológicos, e prescreveu o tratamento adequado para a toxoplasmose com pirimetamina e sulfadiazina."
187,Llama-3,5,D,D,"A paciente apresenta dor severa na região dorsal, especialmente ao caminhar, e fraqueza muscular no membro inferior direito, com diminuição da força muscular (3/5) e hiperreflexia, além de alterações sensoriais nos membros inferiores. Esses sintomas sugerem uma possível lesão ou compressão da medula espinhal ou de raízes nervosas. A história de câncer de mama e uso de tamoxifeno aumenta a suspeita de metástase óssea ou compressão da medula espinhal por tumor. A temperatura ligeiramente elevada (38,0°C) também pode indicar uma possível infecção ou inflamação. Diante desses achados, a realização de uma ressonância magnética (MRI) da coluna vertebral torácica é fundamental para avaliar a presença de lesões ou compressões da medula espinhal, bem como para investigar possíveis metástases ósseas. A MRI é o exame de imagem mais apropriado para avaliar a coluna vertebral e a medula espinhal, permitindo uma visualização detalhada das estruturas anatômicas e das possíveis lesões. Portanto, a resposta correta é a opção D, que corresponde à realização de uma MRI da coluna vertebral torácica.",Acerto de Diagnóstico,"O modelo identificou corretamente os sintomas de dor severa na região dorsal, fraqueza muscular no membro inferior direito e alterações sensoriais, sugerindo uma possível lesão ou compressão da medula espinhal ou de raízes nervosas, e considerou a história de câncer de mama e uso de tamoxifeno como fatores de risco relevantes."
187,Phi-3,5,D,D,"A paciente apresenta dor severa na região dorsal, que piora com a marcha, e déficits neurológicos, como fraqueza muscular, alterações reflexas e sensoriais, o que sugere uma possível compressão ou lesão da medula espinhal ou raízes nervosas. Além disso, a história de câncer de mama e uso de tamoxifeno aumenta a suspeita de metástase óssea ou compressão da medula espinhal por tumor. Nesse contexto, a realização de uma ressonância magnética (MRI) da coluna vertebral torácica é o próximo passo mais apropriado para avaliar a presença de lesões ou compressões que possam estar causando os sintomas neurológicos. A MRI é uma ferramenta diagnóstica importante para visualizar a anatomia da coluna vertebral e da medula espinhal, permitindo identificar possíveis lesões ou anomalias que necessitem de intervenção médica ou cirúrgica.",Acerto de Diagnóstico,"O modelo identificou corretamente a necessidade de investigar uma possível compressão ou lesão da medula espinhal ou raízes nervosas devido à dor severa na região dorsal que piora com a marcha e déficits neurológicos, considerando também a história de câncer de mama e uso de tamoxifeno, o que aumenta a suspeita de metástase óssea ou compressão da medula espinhal por tumor."
188,Llama-3,5,C,C,"O paciente em questão apresenta dor óssea e febre recorrentes após uma crise vaso-occlusiva recente, o que sugere uma possível complicação, como infarto ósseo ou osteomielite. A ressonância magnética (MRI) é o exame de imagem mais sensível e específico para avaliar a medula óssea e detectar infartos ou processos infecciosos, como osteomielite. Além disso, a MRI não utiliza radiação ionizante, o que é uma vantagem em pacientes pediátricos. Já a tomografia computadorizada (CT) e a radiografia (X-ray) podem não detectar alterações precoces no tecido ósseo e medular. A ultrassonografia não é adequada para avaliar a coluna vertebral e a medula óssea. As hemoculturas são importantes para investigar a possibilidade de infecção, mas não estabelecem o diagnóstico de complicações ósseas. Portanto, a resposta correta é a opção C, MRI de coluna lombar.",Acerto de Diretriz,"O modelo escolheu corretamente a ressonância magnética (MRI) como o exame de imagem mais apropriado para avaliar a medula óssea e detectar possíveis complicações, como infarto ósseo ou osteomielite, em um paciente com doença falciforme e sintomas recorrentes, considerando a sensibilidade e especificidade da MRI, além da segurança por não utilizar radiação ionizante."
188,Phi-3,5,C,C,"O paciente em questão apresenta dor óssea e febre recorrentes após uma crise vaso-occlusiva recente, o que sugere uma possível complicação, como infarto ósseo ou osteomielite. A ressonância magnética (MRI) é o exame de imagem mais sensível e específico para avaliar a medula óssea e detectar infartos ou processos infecciosos, como osteomielite. Além disso, a MRI não utiliza radiação ionizante, o que é uma vantagem em pacientes pediátricos. Já a tomografia computadorizada (CT) e a radiografia simples (X-ray) podem não detectar alterações precoces no tecido ósseo e medular. A ultrassonografia não é adequada para avaliar a coluna vertebral e a medula óssea. As culturas de sangue são importantes para investigar a possibilidade de infecção, mas não estabelecem o diagnóstico da condição óssea subjacente. Portanto, a resposta correta é a opção C, MRI de coluna lombar, que é o exame mais apropriado para estabelecer o diagnóstico nesse caso.",Acerto de Diretriz,"O modelo escolheu corretamente a ressonância magnética (MRI) como o exame de imagem mais apropriado para avaliar a medula óssea e detectar possíveis complicações, como infarto ósseo ou osteomielite, em um paciente com doença falciforme e sintomas recorrentes de dor óssea e febre."
189,Llama-3,2,E,C,"O paciente em questão apresenta sinais e sintomas de vaso-occlusive crisis com infarto ósseo, caracterizado por dor óssea, febre e leucocitose, após recente alta hospitalar por mesmo diagnóstico. A recorrência dos sintomas, mais severos que antes, sugere uma possível infecção ou complicações da doença. A escolha da antibioticoterapia é crucial, considerando a possibilidade de infecção bacteriana, como osteomielite ou infecção do trato urinário. A opção C, Clindamicina e Gentamicina, não é a escolha mais apropriada como antibioticoterapia inicial, pois não cobre adequadamente o espectro de bactérias mais comuns nessa situação, como Staphylococcus aureus e Streptococcus pneumoniae. Além disso, a combinação de Clindamicina e Gentamicina pode ter efeitos colaterais significativos, como nefrotoxicidade e ototoxicidade. A opção E, Vancomicina e Cefotaxima, é a escolha mais apropriada, pois oferece uma cobertura antimicrobiana ampla, incluindo Staphylococcus aureus resistente à meticilina (MRSA) e outras bactérias Gram-positivas e Gram-negativas, sendo mais adequada para o tratamento de possíveis infecções osteoarticulares ou outras complicações infecciosas em pacientes com doença falciforme.",Erro de Antibioticoterapia,"O modelo falhou ao não escolher a opção correta de antibioticoterapia para o paciente com doença falciforme e vaso-occlusive crisis, considerando a possibilidade de infecção bacteriana."
190,Llama-3,5,D,D,"O paciente apresenta dor abdominal aguda no quadrante inferior direito, com febre e taquicardia, o que sugere uma possível apendicite aguda. Nesse caso, a administração de morfina é a conduta mais apropriada para o manejo da dor, pois é um analgésico potente que pode ajudar a aliviar a dor intensa do paciente. Além disso, a morfina não interfere significativamente na avaliação diagnóstica ou no exame físico. A acetaminofeno (A) pode não ser suficiente para controlar a dor intensa, o gabapentina (B) não é um analgésico de primeira linha para dor abdominal aguda, o lorazepam (C) é um ansiolítico e não é indicado para dor abdominal e a opção (E) é incorreta, pois a administração de analgésicos não interfere necessariamente com o exame cirúrgico. Portanto, a resposta do sistema de IA está correta e segue as diretrizes clínicas estabelecidas.",Acerto de Conduta,"O modelo escolheu corretamente a morfina como opção de analgésico para o manejo da dor abdominal aguda no paciente, considerando sua eficácia e mínimo impacto na avaliação diagnóstica."
190,Mistral,5,D,D,"O paciente apresenta dor abdominal aguda no quadrante inferior direito, com sinais de irritação peritoneal, como a temperatura elevada e a taquicardia. Nesse contexto, a dor é um sintoma importante que deve ser tratado adequadamente. A administração de morfina é a conduta mais apropriada, pois é um analgésico potente que pode ajudar a controlar a dor intensa do paciente. Além disso, a morfina não interfere significativamente na avaliação cirúrgica subsequente. As outras opções não são adequadas, pois o acetaminofeno pode não ser suficiente para controlar a dor intensa, o gabapentino não é um analgésico de primeira linha para dor abdominal aguda, o lorazepam é um ansiolítico e não um analgésico, e a abstinência de analgésicos não é justificada, pois a dor deve ser tratada adequadamente.",Acerto de Conduta,"O modelo escolheu corretamente a administração de morfina como tratamento para a dor abdominal aguda do paciente, considerando a intensidade da dor e a necessidade de alívio eficaz."
190,Phi-3,1,D,E,"O paciente apresenta dor abdominal aguda no quadrante inferior direito, com sinais de irritação peritoneal, como a tenderness exacerbada nessa região. Além disso, o paciente tem febre e taquicardia, o que sugere uma possível apendicite aguda. Nesse contexto, a administração de analgésicos é crucial para o manejo da dor e do desconforto do paciente. A opção E, que sugere que os analgésicos interfeririam com o exame cirúrgico, é incorreta, pois a dor não controlada pode levar a uma ansiedade e tensão muscular que podem dificultar o exame físico, além de comprometer o bem-estar do paciente. Além disso, a literatura atual sugere que a administração de analgésicos, especialmente opioides, não interfere significativamente com o diagnóstico de apendicite. Portanto, a resposta do sistema de IA é incorreta e recebe uma classificação baixa.",Omissão de Consideração Clínica,"O modelo falhou ao não considerar a possibilidade de apendicite aguda e a importância da avaliação clínica cuidadosa antes de administrar analgésicos, o que pode mascarar os sintomas e dificultar o diagnóstico."
191,Llama-3,5,D,D,"O paciente apresenta sinais clínicos de insuficiência renal aguda, como redução da produção urinária, dor abdominal, náusea, letargia, jugular venous distention, taquicardia e hipertensão. Além disso, os exames laboratoriais mostram elevação da ureia e creatinina, indicando deterioração da função renal. A ultrassonografia confirma a distensão da bexiga e hidronefrose bilateral, sugerindo obstrução do trato urinário. Considerando a história de cateterização vesical anterior e a dificuldade atual em realizar cateterização, a colocação de um cateter suprapúbico é o próximo passo mais apropriado para aliviar a obstrução e permitir a drenagem urinária. Isso é essencial para prevenir danos renais adicionais e melhorar a função renal. A administração de bethanechol ou prazosin não é apropriada nesse contexto, pois não irá resolver a obstrução urinária. A hemodiálise ou ultrafiltração podem ser necessárias posteriormente, mas não são o próximo passo mais apropriado.",Acerto de Diagnóstico,"O modelo corretamente identificou os sinais clínicos e laboratoriais de insuficiência renal aguda, incluindo redução da produção urinária, dor abdominal, náusea, letargia, e alterações nos exames laboratoriais, como elevação da ureia e creatinina, além de confirmar a obstrução através da ultrassonografia."
192,Llama-3,5,A,A,"O paciente apresenta sinais clínicos de infecção localizada na região periungueal do dedo indicador direito, com edema, eritema, calor e dor. A presença de uma área flutuante perto da borda da unha sugere a formação de um abscesso. Nesse caso, a conduta mais apropriada é a drenagem do abscesso para aliviar a pressão e permitir a saída do material purulento, o que é essencial para o tratamento eficaz da infecção. A opção A, incisão e drenagem, é a resposta correta, pois é o procedimento mais direto e eficaz para tratar o abscesso. As outras opções, como antibioticoterapia oral ou tópica, podem ser complementares, mas não substituem a necessidade de drenagem do abscesso.",Acerto de Conduta,"O modelo identificou corretamente a necessidade de drenagem do abscesso para aliviar a pressão e permitir a saída do material purulento, conduta essencial para o tratamento eficaz da infecção localizada na região periungueal do dedo."
193,Llama-3,1,E,D,"A paciente apresenta sinais clássicos de cetoacidose diabética (CAD), incluindo hiperglicemia, acidose metabólica (pH 7,20, HCO3- 10 mEq/L) e desidratação. Após o tratamento inicial com salina e insulina, a paciente apresenta melhora parcial dos parâmetros laboratoriais, mas desenvolve somnolência, cefaleia, vômito e incontinência, sugerindo possível edema cerebral, complicação conhecida da CAD. Nesse contexto, a terapia mais apropriada seria a administração de manitol, um agente osmótico que pode ajudar a reduzir o edema cerebral. A opção D, furosemida, é um diurético que não é indicado para o tratamento do edema cerebral e pode até piorar a desidratação e a hipotensão. Além disso, a furosemida não é uma terapia padrão para a CAD ou para o edema cerebral associado à CAD.",Erro de Diagnóstico,"O modelo falhou ao não identificar corretamente a complicação de edema cerebral como uma possível causa dos sintomas de somnolência, cefaleia, vômito e incontinência na paciente com cetoacidose diabética."
